,Application,branch_misses,cache_misses,cache_references,instructions,cpu_clock,minor_faults,page_faults,task_clock,L1_icache_loads,LLC_loads,branch_load_misses,iTLB_load_misses,iTLB_loads,cpu_branch_misses_,cpu_bus_cycles_,cpu_cache_misses_,cpu_cache_references_,cpu_cpu_cycles_,cpu_instructions_,msr_aperf_,msr_mperf_,msr_tsc_,cpu_ref_cycles_,power_energy_ram_,power_energy_pkg_,total
3591,EP,52891156,26638816,126356907,57225228406.0,299876.41,41007,41007,299545.05,32610964245,601625499,50729956,41065829,56872427367.0,52315341,96161528943.0,28290065,128802847,103000000000.0,57134719170.0,116755699,109011098,418000000000.0,96074254127.0,9.46,146.27,155.73000000000002
3592,EP,51358882,29136875,134886849,71762443680.0,298894.05,65132,65143,298201.54,40940757281,619779042,51141487,40847992,71808045707.0,53022328,114000000000.0,26892042,122219869,123000000000.0,71823287020.0,136102666,127063048,416000000000.0,115000000000.0,8.99,153.94,162.93
3593,EP,53791970,26083823,133040847,84323998101.0,297451.12,60424,60413,297563.77,47715564230,633943987,53085166,42711488,84529138444.0,57030740,132000000000.0,25205710,136881923,143000000000.0,84567077429.0,155959721,145619810,416000000000.0,133000000000.0,7.2,160.66,167.85999999999999
3594,EP,59471086,25430875,134623549,97228911410.0,297772.88,61816,61843,297948.3,53355707476,624331678,57830213,42683801,97679950058.0,64188043,152000000000.0,24237531,132453588,165000000000.0,97702595487.0,177732093,165991336,416000000000.0,154000000000.0,8.13,165.77,173.9
3595,EP,238467649,47789668,361089828,87248422074.0,300252.56,406517,406490,302455.18,49538632237,1794869056,326980629,199142117,86792266715.0,348084009,175000000000.0,48873845,392411475,188000000000.0,86537959619.0,207575147,193999022,428000000000.0,177000000000.0,11.22,172.47,183.69
3596,EP,1409552776,37535095,458593557,80363777639.0,306400.62,18628,18677,306173.88,57831293062,3045417492,1406144549,563830668,80202229762.0,1435325407,197000000000.0,36688168,463497965,213000000000.0,80021648666.0,236998886,221262650,428000000000.0,198000000000.0,15.14,187.01,202.14999999999998
3597,EP,1407939681,38985646,481032566,80440095909.0,306258.73,8841,8792,306254.81,57825257780,3106676062,1409011911,563483179,80235233196.0,1433307981,198000000000.0,38202470,482200096,213000000000.0,80343959237.0,238394562,222475890,428000000000.0,199000000000.0,16.59,188.0,204.59
3598,EP,1405437289,37283330,465296908,80636225605.0,306578.18,9830,9879,306672.33,57647268142,3065398120,1408908030,561031356,80066066289.0,1433766471,198000000000.0,37651541,466870506,213000000000.0,80061043394.0,237862062,222014170,428000000000.0,198000000000.0,16.25,188.17,204.42
3599,EP,1410993645,38027264,472117095,80362096083.0,306483.43,9728,9690,306303.75,57764196522,3074717466,1407427165,561306614,80111777756.0,1434662254,197000000000.0,37435302,466399216,213000000000.0,80007175933.0,237460352,221640580,428000000000.0,198000000000.0,15.74,187.94,203.68
3600,EP,1406595038,38186004,471594271,80480087929.0,306264.73,8150,8139,306362.84,57851881656,3088648339,1408579317,562927809,80243683341.0,1435247639,198000000000.0,37968972,480870739,213000000000.0,80280459767.0,238214033,222355336,428000000000.0,199000000000.0,15.72,188.62,204.34
3601,EP,1410381654,37839725,466476729,80644933833.0,306584.6,8970,8970,306539.65,57716087455,3052354253,1406855588,562364966,80079959368.0,1437876409,198000000000.0,37276201,464948490,213000000000.0,80063921727.0,237420860,221568942,428000000000.0,198000000000.0,15.61,188.48,204.08999999999997
3602,EP,1414408862,38098553,469232727,80350749143.0,306321.86,4119,4169,306373.8,57684260568,3084750412,1409955149,562517970,80066755766.0,1441077902,197000000000.0,37799512,473331093,213000000000.0,80034363273.0,238024034,222173364,428000000000.0,198000000000.0,16.77,188.52,205.29000000000002
3603,EP,1410155391,37993655,467262244,80542765855.0,306421.57,5682,5632,306334.22,57904235719,3048533556,1407153607,564198248,80213900997.0,1438401823,197000000000.0,37052618,468227557,212000000000.0,80209091058.0,237645668,221803428,428000000000.0,198000000000.0,18.64,189.1,207.74
3604,EP,1412303400,38182554,477755686,80540005458.0,306550.82,7596,7596,306634.8,57641462114,3113614091,1408023672,562479212,80066452973.0,1442172322,198000000000.0,37497740,472654976,213000000000.0,80136545075.0,237941935,222026112,428000000000.0,198000000000.0,17.85,189.02,206.87
3605,EP,1419885391,37135881,456402745,80414681931.0,306363.76,3817,3817,306284.89,57824653040,3038981963,1404175469,560856397,80063453227.0,1444680026,196000000000.0,36788112,458215611,212000000000.0,79969413378.0,237207032,221441206,428000000000.0,198000000000.0,17.39,189.02,206.41000000000003
3606,EP,1414627022,39572253,482851581,80502548810.0,306373.07,6842,6842,306385.49,57837874124,3102964298,1402994468,561447977,80245764347.0,1445917218,198000000000.0,38097239,482955045,213000000000.0,80266481576.0,238489973,222586644,428000000000.0,199000000000.0,15.64,189.28,204.92000000000002
3607,EP,1417063228,36707685,457792754,80627677923.0,306531.34,1890,1890,306569.72,57809674919,3017824773,1405171509,560327978,80022319618.0,1445256223,197000000000.0,36217362,454525181,212000000000.0,80153896067.0,236925621,221122678,428000000000.0,197000000000.0,16.42,189.26,205.68
3608,EP,1418369809,38437016,475585463,80300738407.0,306232.4,3534,3534,306237.58,57735757933,3092159406,1404784108,560402888,80159910835.0,1446075430,197000000000.0,37437376,477373901,213000000000.0,79939861665.0,237951287,222076750,428000000000.0,198000000000.0,15.09,189.14,204.23
3609,EP,1413553547,37365378,462773698,80501136736.0,306310.91,2724,2724,306306.79,57919228825,3052218883,1400855801,563108454,80325182843.0,1443820577,197000000000.0,36743027,466883375,212000000000.0,80294650217.0,237680309,221908582,428000000000.0,198000000000.0,16.39,189.93,206.32
3610,EP,1416433727,38206586,475028948,80594918063.0,306641.73,3262,3262,306749.62,57689197393,3087668449,1400523731,559918418,80037606292.0,1445601069,198000000000.0,37700707,473298942,213000000000.0,80049350245.0,238092500,222140926,428000000000.0,198000000000.0,14.94,189.54,204.48
3611,EP,1417932920,36789922,455965074,80393662420.0,306354.37,4066,4066,306353.96,57865009988,3038360451,1404620828,561153935,80261943982.0,1448089056,196000000000.0,36292351,462909931,212000000000.0,80054705001.0,237239738,221416524,428000000000.0,198000000000.0,13.96,189.28,203.24
3612,EP,1415395041,38243147,479496018,80643121916.0,306490.04,7074,7134,306304.52,58012834513,3066891733,1406230106,564657077,80282144895.0,1441139618,197000000000.0,37742010,478159246,212000000000.0,80417507076.0,238042287,222230372,428000000000.0,198000000000.0,15.11,190.04,205.14999999999998
3613,EP,1412279727,37198405,461509457,80576745719.0,306170.7,4345,4285,305938.62,57752090231,3052624105,1403047340,563257390,79994716801.0,1437623772,197000000000.0,36939156,468956439,212000000000.0,79995323057.0,237231626,221367944,427000000000.0,197000000000.0,16.03,189.84,205.87
3614,EP,1412872933,36868856,457786064,80309279553.0,305755.56,1633,1634,305891.47,57779464145,3026823115,1406862084,561935809,79982535887.0,1440764575,197000000000.0,36301528,459499303,212000000000.0,79959983218.0,236762043,220948546,427000000000.0,197000000000.0,15.48,189.4,204.88
3615,EP,1411594121,37445795,468996627,80413966997.0,305809.43,5457,5456,306004.6,57954222854,3046514732,1409045396,565983419,80297412198.0,1440378581,197000000000.0,37225636,473430054,212000000000.0,80271671037.0,237582169,221763444,428000000000.0,198000000000.0,15.66,190.44,206.1
3616,EP,1409816222,36875277,458537599,80513026385.0,306194.68,804,804,306152.04,57861939109,3031894222,1404242555,562718864,80187404494.0,1441235366,197000000000.0,36311452,460728841,212000000000.0,80219145769.0,236963396,221185146,428000000000.0,198000000000.0,17.99,190.03,208.02
3617,EP,1412417920,37749334,467233590,80761443242.0,306203.96,1663,1663,305985.59,57780363235,3038977536,1407418420,564110832,79983999968.0,1438619066,197000000000.0,37263332,472191753,212000000000.0,79961969425.0,237560229,221720324,427000000000.0,198000000000.0,17.72,190.57,208.29
3618,EP,1411187690,37347861,464814676,80352116709.0,305608.23,545,545,305671.21,57814468829,3044682671,1406392020,563081086,79993086263.0,1439608193,197000000000.0,36838270,470521083,212000000000.0,79985994461.0,237218737,221379396,427000000000.0,198000000000.0,15.43,190.28,205.71
3619,EP,1411216485,36696193,456688610,80379550586.0,305991.73,2,2,306146.33,57889104622,3022069409,1410232385,562560781,80157821520.0,1437966688,197000000000.0,36106730,458682889,212000000000.0,80158061384.0,236886752,221102714,428000000000.0,198000000000.0,15.24,189.78,205.02
3620,EP,1412239134,37465463,471606220,80680131232.0,306030.24,566,566,305916.16,57880234327,3037934603,1405220141,565340633,80158004825.0,1438500218,197000000000.0,37403335,475665150,212000000000.0,80173903132.0,237781517,222000310,427000000000.0,198000000000.0,15.72,190.25,205.97
3621,EP,1411066496,36541192,453134009,80454770558.0,306174.73,2169,2169,306377.18,57796746397,3024027301,1405487503,563215048,80166853754.0,1441892921,197000000000.0,36069720,459664968,212000000000.0,80053596203.0,237003080,221181632,428000000000.0,197000000000.0,16.36,189.99,206.35000000000002
3622,EP,1416164516,37150052,465342544,80606690665.0,306291.99,279,279,306202.65,57962446437,3029096816,1410720445,565638590,80200926674.0,1442496162,197000000000.0,37213264,469850365,212000000000.0,80120188385.0,237497790,221629310,428000000000.0,198000000000.0,16.59,190.31,206.9
3623,EP,1410915818,37656868,471451491,80696314390.0,306090.0,2236,2283,305828.75,57874498063,3056596172,1406138923,563816933,80117020222.0,1443495943,197000000000.0,37785895,475661769,213000000000.0,80195386359.0,237846701,222022010,427000000000.0,198000000000.0,16.08,190.4,206.48000000000002
3624,EP,1410782058,36912367,455773463,80682195608.0,305828.29,4556,4509,306010.11,57757370712,3014129847,1403962717,562372083,80071468368.0,1442824422,197000000000.0,36576844,458617770,212000000000.0,80090336866.0,236976974,221123798,428000000000.0,197000000000.0,16.66,190.27,206.93
3625,EP,1413797864,37883248,468871746,80481817845.0,306139.6,3070,3132,306288.31,57899482304,3054171204,1406891290,565496478,80242316541.0,1448621136,197000000000.0,37371409,473386791,213000000000.0,80095798968.0,237759880,221912124,428000000000.0,198000000000.0,17.26,190.84,208.1
3626,EP,1412965031,37457765,461997480,80813832591.0,306451.15,5762,5748,306472.06,57987392887,3050421991,1410379478,564338260,80230089121.0,1445337321,197000000000.0,37002707,466858679,212000000000.0,80336586586.0,237482446,221677694,428000000000.0,198000000000.0,16.7,190.92,207.61999999999998
3627,EP,1410096387,37692407,467830675,80658803820.0,306245.85,6171,6123,306125.98,57773805209,3044034000,1403456688,564266760,80128952298.0,1441791384,197000000000.0,37376441,467427201,212000000000.0,80171289005.0,237804313,221967718,428000000000.0,198000000000.0,16.17,190.95,207.12
3628,EP,1413579346,37066802,460152838,80591872186.0,306295.22,3,3,305953.72,57772850274,3024368339,1401738786,561098300,79961133829.0,1444229350,197000000000.0,36322794,465039179,212000000000.0,79975509234.0,236944319,221084052,427000000000.0,197000000000.0,15.97,190.53,206.5
3629,EP,1411181247,37244133,466623581,80549968248.0,305486.13,1892,1892,305900.36,57942482981,3029095090,1404293027,562771567,80282693696.0,1442722758,197000000000.0,36123186,468096688,212000000000.0,80221853701.0,237128049,221348148,428000000000.0,198000000000.0,15.83,191.25,207.08
3630,EP,1410943456,37899151,468146164,80750415069.0,306322.45,5174,5174,306260.76,57952994654,3049614258,1403600251,563601805,80223032725.0,1442312604,197000000000.0,36907552,471459546,212000000000.0,80234319649.0,237681574,221879490,428000000000.0,198000000000.0,14.03,191.18,205.21
3631,EP,1410834631,36664734,457980164,80739392058.0,306483.91,814,814,306466.36,57821737584,3003958319,1404651187,559906493,80123873541.0,1445132175,197000000000.0,36032466,456580978,212000000000.0,80075477012.0,237076102,221227888,428000000000.0,197000000000.0,16.84,191.08,207.92000000000002
3632,EP,1416084663,37848268,470306712,80697817270.0,306306.33,1659,1659,306367.87,57955440852,3055644453,1404758288,564427412,80336985442.0,1446588539,197000000000.0,37305431,478431400,213000000000.0,80247270318.0,238259484,222362840,428000000000.0,198000000000.0,15.5,191.65,207.15
3633,EP,1410070516,37305285,457023795,80637684609.0,306175.27,22,22,305928.98,57795195679,3029283577,1401453121,562684760,80291975801.0,1445947272,196000000000.0,36493715,467698780,212000000000.0,80122660833.0,237020858,221194400,427000000000.0,198000000000.0,15.23,191.14,206.36999999999998
3634,EP,1404721224,37016251,460162602,80571799288.0,305762.47,2,2,305955.07,57562884043,3026087946,1402555192,563426834,80112830646.0,1443883897,197000000000.0,37107716,461455397,212000000000.0,80078005985.0,237129306,221419996,428000000000.0,198000000000.0,16.12,191.44,207.56
3635,EP,1411005275,37644494,474488415,80677767487.0,306419.18,44,44,306557.67,57824050256,3057120430,1412729799,564993420,80273953211.0,1446677083,198000000000.0,37025235,479175488,213000000000.0,80388994824.0,238386200,222441086,428000000000.0,198000000000.0,16.41,192.22,208.63
3636,EP,1408624890,36536789,454224807,80728665610.0,306395.14,1,1,306356.63,57706610096,3008261279,1408591715,563519911,80207452041.0,1445878062,197000000000.0,35678865,458497452,212000000000.0,80225074361.0,236801049,221045300,428000000000.0,198000000000.0,16.57,191.54,208.10999999999999
3637,EP,1405195475,37594032,468906687,80817694761.0,306129.09,1180,1193,305738.04,57612845011,3064554096,1407034637,564584767,80089242726.0,1442944748,197000000000.0,37342441,472474355,212000000000.0,80169686387.0,237459587,221577384,427000000000.0,198000000000.0,17.21,191.68,208.89000000000001
3638,EP,1401019757,38418209,474935651,80518117628.0,305509.04,617,604,305530.51,57554024904,3040623218,1407808725,562536810,80025128687.0,1444091641,197000000000.0,37035012,476164742,212000000000.0,79930405151.0,237482901,221731930,427000000000.0,197000000000.0,16.3,191.71,208.01000000000002
3639,EP,1403298255,36998280,463545077,80390550573.0,305726.08,7,7,306070.44,57636885028,3024717069,1408960807,563302009,80193528727.0,1445173930,197000000000.0,36401036,465089125,212000000000.0,80182180316.0,237396939,221502260,428000000000.0,198000000000.0,17.79,192.16,209.95
3640,EP,1405456707,37348271,467542940,80782839314.0,306427.53,4,4,306496.38,57737166573,3037324625,1408149409,565637972,80349595302.0,1445540757,197000000000.0,36807137,469256915,212000000000.0,80338914027.0,237730461,221828516,428000000000.0,198000000000.0,16.53,192.26,208.79
3641,EP,1404962303,37950845,468183902,80796152585.0,306124.46,5,5,306056.02,57596488383,3021435509,1405869243,562212052,80133250484.0,1442660753,197000000000.0,36732357,468994599,212000000000.0,80121967253.0,237426052,221708326,428000000000.0,198000000000.0,16.89,192.38,209.26999999999998
3642,EP,1407789393,37524047,471321010,80726889020.0,306271.48,2282,2282,305835.0,57677301214,3047437121,1408390186,564574899,80309878233.0,1448565815,197000000000.0,37374166,477154670,213000000000.0,80134301278.0,237892749,221974718,427000000000.0,198000000000.0,17.05,192.63,209.68
3643,EP,1403303496,36893903,459463155,80614247791.0,305596.91,1761,1761,305671.6,57639980172,3013458466,1407140579,563303743,80077702986.0,1442732173,196000000000.0,36270118,465557871,212000000000.0,80044555546.0,236733766,220932712,427000000000.0,197000000000.0,16.01,191.79,207.79999999999998
3644,EP,1401370790,38046389,471765342,80695716372.0,305766.52,1631,1631,306252.89,57819325928,3058489634,1409762236,565610997,80302419065.0,1445479792,198000000000.0,37598149,474300986,213000000000.0,80503604384.0,237966103,222157208,428000000000.0,198000000000.0,15.94,192.45,208.39
3645,EP,1405907283,37032915,465865877,80950113102.0,306487.53,1128,1128,306306.59,57650028481,3038073071,1407072082,565452353,80213816659.0,1448241657,197000000000.0,36532216,467620892,213000000000.0,80164235149.0,237624062,221823812,428000000000.0,198000000000.0,15.94,192.74,208.68
3646,EP,1413443052,36528052,455191123,80620808166.0,306445.48,573,573,306214.47,57652127680,3018275446,1403766854,561085483,80141863380.0,1452232541,196000000000.0,36079524,460322762,212000000000.0,80104289001.0,236818649,220962504,427000000000.0,197000000000.0,16.9,192.12,209.02
3647,EP,1406820371,37203581,470514434,80730102934.0,305838.52,3022,3072,306189.75,57787831199,3047227046,1404189476,564578321,80301931331.0,1447390382,197000000000.0,37029488,478371369,212000000000.0,80284162831.0,237792334,221949126,428000000000.0,198000000000.0,16.78,193.08,209.86
3648,EP,1406364945,36864751,461842059,80776722411.0,306170.92,3500,3451,305892.73,57530616906,3027308131,1400932679,560438380,80084495213.0,1446330478,196000000000.0,37114564,461289129,212000000000.0,80088275832.0,236748721,220945522,427000000000.0,197000000000.0,16.48,192.17,208.64999999999998
3649,EP,1407785270,37257924,470461482,80643582799.0,305905.74,2981,2980,305839.18,57683081340,3042537163,1403310358,561216151,80051299053.0,1449874529,197000000000.0,36801768,473717796,212000000000.0,80105522433.0,237201992,221420486,427000000000.0,197000000000.0,16.88,192.59,209.47
3650,EP,1408139434,37641025,470181014,80596389297.0,305755.57,5762,5762,306026.82,57722315407,3045490466,1405217243,563776435,80246040469.0,1448736574,197000000000.0,37356246,476961873,212000000000.0,80163121938.0,237773804,221899692,428000000000.0,198000000000.0,16.91,193.35,210.26
3651,EP,1407482790,36869124,458417273,80648670877.0,306464.84,5982,6027,306623.45,57713346581,3033470937,1402215191,560798647,80280305685.0,1448956062,197000000000.0,35915241,461487005,212000000000.0,80334752969.0,237176189,221364920,428000000000.0,198000000000.0,15.46,192.52,207.98000000000002
3652,EP,1409554438,37659098,469750986,81003212823.0,306493.54,276,231,306101.5,57717255019,3060026343,1405635337,563065894,80220950602.0,1445768656,197000000000.0,37633557,478932652,213000000000.0,80135969805.0,237699427,221825590,427000000000.0,198000000000.0,16.07,193.14,209.20999999999998
3653,EP,1409669443,36423132,454364559,80444914488.0,306074.96,274,274,306045.19,57630017213,3023352236,1407178198,562486538,80106548822.0,1443487059,196000000000.0,35932055,460437839,212000000000.0,80082280195.0,236806596,221046238,427000000000.0,198000000000.0,17.99,192.65,210.64000000000001
3654,EP,1406663100,37422114,464068518,80663904076.0,306287.69,2,2,306638.38,57731722212,3048155050,1406649689,563938619,80299965732.0,1442983357,197000000000.0,36271686,468099997,213000000000.0,80323634218.0,237979025,222108124,429000000000.0,198000000000.0,16.07,193.23,209.29999999999998
3655,EP,1409713022,37912272,467460050,81042983754.0,306283.07,4093,4099,306012.26,57709617961,3043758920,1405223533,564615547,80126896902.0,1444899271,198000000000.0,37368319,478347295,213000000000.0,80222590467.0,237917827,222053146,427000000000.0,198000000000.0,15.55,193.14,208.69
3656,EP,1407922641,36412601,456321334,80491211103.0,306254.79,2990,2984,306453.43,57735755955,3020901116,1409289808,563288737,80307552726.0,1452367266,196000000000.0,36098324,460257697,212000000000.0,80145721458.0,237089974,221308388,428000000000.0,198000000000.0,15.15,192.88,208.03
3657,EP,1411603349,37764731,463772988,80786000813.0,306567.25,1904,1904,306695.88,57943586884,3042443671,1404842979,565139276,80410292550.0,1451493495,197000000000.0,36940869,469946145,212000000000.0,80296142489.0,237844074,221968684,428000000000.0,198000000000.0,15.29,193.37,208.66
3658,EP,1413652318,36836684,464161014,80855653922.0,306792.62,274,274,306764.55,57910399548,3037860021,1405153484,560714747,80172057959.0,1454654676,197000000000.0,37462803,467449634,213000000000.0,80296107311.0,237862790,222019574,428000000000.0,198000000000.0,16.08,193.4,209.48000000000002
3659,EP,1417042229,37223895,464518483,80631051325.0,306424.32,8,8,306238.64,57945179833,3030016180,1405182958,562938043,80263143391.0,1456017929,196000000000.0,36554743,471382618,212000000000.0,80231447708.0,237520090,221666956,428000000000.0,198000000000.0,16.27,193.74,210.01000000000002
3660,EP,1411890679,37120277,467383179,80769777228.0,306379.59,2,2,306226.41,57934868168,3034866665,1402619996,562840895,80197685647.0,1451314144,196000000000.0,36488954,470081676,212000000000.0,80174855391.0,237263321,221464502,427000000000.0,198000000000.0,16.53,193.27,209.8
3661,EP,1411089647,36858011,462420791,80750714895.0,305890.08,2,2,306167.98,57842590548,3014275710,1402346340,561163946,80149143332.0,1454823640,196000000000.0,36502645,465423114,212000000000.0,80272737236.0,237325453,221480154,428000000000.0,197000000000.0,16.02,193.52,209.54000000000002
3662,EP,1411895409,37811000,466625483,80638062527.0,306646.62,4,4,306647.1,57988946592,3039413290,1406909145,562762820,80264349710.0,1458490587,197000000000.0,37101366,471219903,213000000000.0,80238096960.0,237946960,222109650,428000000000.0,198000000000.0,16.11,193.71,209.82
3663,EP,1392961732,36813553,455204107,80726427223.0,306523.32,0,0,306591.92,57833015794,3023834734,1412297560,564424506,80267564657.0,1450031059,197000000000.0,35786363,457273792,212000000000.0,80231370772.0,236997924,221162452,428000000000.0,198000000000.0,16.8,193.25,210.05
3664,EP,1383803463,37851701,475362917,80883871081.0,306155.61,24,24,306070.49,57650138336,3032624104,1410625413,566804294,80131965678.0,1445787701,198000000000.0,37424366,479615312,213000000000.0,80216391570.0,237946888,222120374,428000000000.0,198000000000.0,16.36,194.03,210.39
3665,EP,1391012626,37216024,465002318,80640376505.0,306333.53,3,3,306027.14,57664237269,3028118446,1411671042,565635778,80020998505.0,1451004784,197000000000.0,36231888,468782334,212000000000.0,80066396521.0,237289384,221490766,427000000000.0,197000000000.0,18.22,193.4,211.62
3666,EP,1385775480,37222723,458023313,80561713489.0,305817.61,2,2,306057.21,57697059378,3018678573,1414646796,564145132,80232124884.0,1450102404,196000000000.0,35994111,460580849,212000000000.0,80132940823.0,236853303,221006730,428000000000.0,198000000000.0,17.75,193.68,211.43
3667,EP,1390374704,37799901,471407253,80833276252.0,306258.94,9,9,306397.58,57779027300,3048581966,1411873917,568213561,80351935573.0,1448014845,198000000000.0,36854380,481061874,213000000000.0,80488220752.0,238346098,222480216,428000000000.0,198000000000.0,18.07,194.04,212.10999999999999
3668,EP,1387621569,36732413,455406256,80722182532.0,306392.23,20,20,306391.16,57600412098,3019661482,1412113194,562958228,80101808233.0,1450206138,197000000000.0,35891371,458504361,212000000000.0,79962356481.0,237179391,221409104,428000000000.0,197000000000.0,18.44,193.78,212.22
3669,EP,1389646668,37770033,471361972,80649734699.0,306556.74,5,5,306356.05,57735793545,3039681905,1412349445,565364991,80163577754.0,1449221205,197000000000.0,36986786,471755208,212000000000.0,80206991449.0,237732000,221873666,428000000000.0,198000000000.0,16.35,194.01,210.35999999999999
3670,EP,1385145563,37274573,469331630,80591526669.0,305956.39,3,3,305842.61,57650186854,3053818965,1409726611,567074240,80170885198.0,1445041075,197000000000.0,36663961,476758578,212000000000.0,80183106312.0,237569677,221679892,427000000000.0,198000000000.0,16.67,193.68,210.35000000000002
3671,EP,1386182536,36588583,458119425,80729497433.0,305864.77,3,3,306172.17,57582318936,3015355775,1409865830,563826698,79987779411.0,1448471892,197000000000.0,35911565,459727416,212000000000.0,80063081568.0,236990734,221229736,428000000000.0,197000000000.0,16.89,193.68,210.57
3672,EP,1392141695,36769910,467577508,80520947464.0,306570.12,24,24,306379.79,57738368022,3036682084,1416614980,566471598,80231981513.0,1446574735,197000000000.0,36671833,469842849,213000000000.0,80206525240.0,237725062,221903094,428000000000.0,198000000000.0,17.04,194.25,211.29
3673,EP,1391509479,38385343,472243801,80743683735.0,306403.07,1569,1569,306508.26,57903044889,3067303323,1416834213,567096321,80368662670.0,1447091934,198000000000.0,37672114,477836421,213000000000.0,80480387950.0,238225267,222304012,428000000000.0,199000000000.0,14.96,194.43,209.39000000000001
3674,EP,1396701738,37273029,465103657,80686818584.0,306389.82,24,24,306446.26,57673361106,3053788033,1414110358,565895577,80083479911.0,1441103745,197000000000.0,36928994,470353779,213000000000.0,80045380472.0,237653123,221783100,428000000000.0,198000000000.0,16.14,194.3,210.44
3675,EP,1395625629,37254626,466310192,80357489041.0,306280.21,22,22,305891.27,57675292170,2997806319,1416588749,566043065,80251694944.0,1437251711,197000000000.0,36020221,466865654,212000000000.0,80037832259.0,237024572,221272170,427000000000.0,197000000000.0,15.67,193.74,209.41
3676,EP,1388911103,37533333,469694771,80411411946.0,305835.9,186,186,306166.78,57688320426,3050197703,1412752138,569704576,79982301181.0,1428040443,197000000000.0,37315673,476347775,212000000000.0,79872729571.0,237626277,221742192,428000000000.0,198000000000.0,16.64,194.14,210.77999999999997
3677,EP,1297756770,36440149,542974487,76396671017.0,305989.83,1623,1668,306014.99,55706434876,3339485133,1293964447,616540465,75302568208.0,1305608477,198000000000.0,35851463,553725042,213000000000.0,75321060180.0,236233433,220485272,427000000000.0,198000000000.0,14.95,191.27,206.22
3678,EP,844935651,28979413,849939391,56527418972.0,305797.29,3044,2999,305254.12,47445288733,4623611164,776259109,786803640,54936916836.0,809560803,199000000000.0,27754437,874982275,214000000000.0,54720323129.0,230499377,215059866,425000000000.0,199000000000.0,12.19,177.88,190.07
3679,EP,510570925,29073432,1081896085,44417106672.0,306563.0,8868,9014,308258.99,43212553130,5660384668,514587932,879756839,44647243400.0,522112479,206000000000.0,30791468,1115387641,221000000000.0,44696925039.0,237497744,221898782,437000000000.0,207000000000.0,10.47,177.62,188.09
3680,EP,451895172,24018521,1129633628,42602058654.0,313112.62,1182,1036,312943.89,42585492597,5824592992,455146278,901401505,42271627885.0,456247072,206000000000.0,24083136,1129637774,221000000000.0,42219347314.0,235009385,219268322,436000000000.0,206000000000.0,9.02,174.37,183.39000000000001
3681,EP,447060752,23562050,1127475869,42465806218.0,312409.38,2,2,312368.82,42553021383,5824282119,453018702,902974828,42386073519.0,454037739,205000000000.0,23226329,1131886441,220000000000.0,42318808079.0,235005982,219345462,436000000000.0,205000000000.0,9.27,174.35,183.62
3682,EP,447797344,23404271,1131696868,42550863018.0,312521.9,98,98,312783.34,42656586923,5812066151,452803709,904958781,42393886593.0,454273886,206000000000.0,23080253,1131952603,220000000000.0,42375582799.0,235245614,219567978,437000000000.0,206000000000.0,8.04,174.43,182.47
3683,EP,448052958,22475383,1118559044,42374569343.0,312969.38,95,95,312643.24,42409973501,5764600469,448537600,892257248,41687320668.0,447435329,202000000000.0,21973842,1096085250,216000000000.0,41354355519.0,229100952,213507462,425000000000.0,199000000000.0,9.33,168.62,177.95000000000002
3684,EP,427820153,22538195,1102016638,40797087814.0,299127.41,118,118,295913.19,40341700464,5568505962,426118183,859686223,39965634209.0,423595351,195000000000.0,22521670,1084979494,209000000000.0,39968550867.0,222922225,208079382,414000000000.0,195000000000.0,9.3,165.12,174.42000000000002
3685,EP,49945928,28174269,120513757,61644241388.0,299972.19,56401,56399,300003.42,36677651844,598985768,48223319,37254489,62672695554.0,48366281,99183352392.0,26220077,118584834,106000000000.0,62171354244.0,122295084,114160312,419000000000.0,99808756467.0,9.32,148.74,158.06
3686,EP,52857374,25359107,116516666,75256434372.0,299514.9,53399,53399,299390.7,43124734275,602185584,51952285,36458664,75976298407.0,49064176,121000000000.0,24355654,116294425,128000000000.0,75465912224.0,144727542,135192400,418000000000.0,119000000000.0,9.4,155.71,165.11
3687,EP,53163571,26610544,133772044,88762272644.0,299197.63,81797,81797,298934.39,48508055289,659466075,53208776,38525399,90390629385.0,55630234,142000000000.0,27016541,139214591,151000000000.0,89254482356.0,168746830,157608794,417000000000.0,141000000000.0,6.96,162.59,169.55
3688,EP,63513562,29542807,154477804,105000000000.0,301575.16,161203,161203,309033.18,53208360756,751844358,63233528,46990439,101000000000.0,64757201,162000000000.0,30179877,158289762,174000000000.0,98554907548.0,191306519,178271394,442000000000.0,162000000000.0,8.92,172.24,181.16
3689,EP,892822702,49456309,481671193,55530837738.0,316053.78,279525,279573,310526.2,42962885869,2911777375,972814512,454929954,60960306362.0,995067570,165000000000.0,49478319,503448418,178000000000.0,60987362689.0,211038854,197591744,429000000000.0,174000000000.0,16.39,174.94,191.32999999999998
3690,EP,1413841376,37877134,460263175,79397578188.0,306754.76,13293,13294,306568.34,58028054052,3098643217,1404623027,569664050,79757480676.0,1416501023,194000000000.0,37348555,463973687,209000000000.0,79112338115.0,240187268,224149604,428000000000.0,200000000000.0,17.08,189.82,206.89999999999998
3691,EP,1414601279,37716779,455299241,79423938695.0,306959.68,3775,3726,307115.07,58101367644,3089748207,1406872592,571541799,80069852552.0,1419471425,194000000000.0,36219022,453894387,209000000000.0,79022039487.0,239848219,223854036,429000000000.0,200000000000.0,16.16,189.93,206.09
3692,EP,1412403979,37892897,454216997,79658338250.0,307089.14,9993,9993,307114.87,58139035047,3098065783,1407433525,570317370,79822543711.0,1416076742,194000000000.0,37127253,456243172,209000000000.0,79095390471.0,239995753,223995618,429000000000.0,200000000000.0,14.41,190.17,204.57999999999998
3693,EP,1415051523,37941234,463010417,79348289897.0,307218.68,14899,14899,307196.83,58130647094,3099044057,1408631874,571870750,80031433613.0,1418091276,195000000000.0,37172255,466782495,209000000000.0,79254817659.0,240793698,224740096,429000000000.0,201000000000.0,17.19,190.78,207.97
3694,EP,1413399427,37100702,455409545,79631337741.0,307099.1,3255,3255,307190.7,58120406741,3059084076,1406674986,571191178,79879830809.0,1416877126,194000000000.0,36236204,453913984,209000000000.0,79020996230.0,239949408,223970306,429000000000.0,200000000000.0,16.76,190.57,207.32999999999998
3695,EP,1414454906,37632667,458289309,79455113064.0,307298.93,4608,4661,307132.16,58096293178,3081759648,1407987983,571397855,79870685627.0,1418454784,194000000000.0,36485769,454225924,209000000000.0,79276871849.0,240091505,224095144,429000000000.0,200000000000.0,18.2,190.73,208.92999999999998
3696,EP,1416224444,37320238,463505223,79539555366.0,307084.32,9765,9712,307233.69,58162181568,3082418278,1404700141,573412322,80084057200.0,1416687321,194000000000.0,36808664,462335213,209000000000.0,79099022741.0,240285196,224211050,429000000000.0,200000000000.0,14.92,190.98,205.89999999999998
3697,EP,1411700025,37405003,454270164,79522536203.0,306968.88,6501,6501,306950.48,58076035740,3072159229,1407100757,570381733,79815904302.0,1416502579,194000000000.0,36807464,455116366,209000000000.0,79215753421.0,240125484,224192206,429000000000.0,200000000000.0,16.14,190.98,207.12
3698,EP,1417469248,37493816,455898529,79372889344.0,307227.8,6784,6784,307161.37,58028620860,3082392168,1404949932,571835954,80021158355.0,1417126652,194000000000.0,36734090,454607971,209000000000.0,79029894117.0,240097166,224048006,429000000000.0,200000000000.0,14.9,190.73,205.63
3699,EP,1412119067,37700041,463688639,79664483187.0,307032.69,2448,2448,307056.56,58215910875,3082408498,1406679751,572173423,79888902279.0,1414735085,194000000000.0,36595479,459129896,209000000000.0,79214501680.0,240411776,224399084,429000000000.0,200000000000.0,18.31,191.42,209.73
3700,EP,1415684954,37082138,453672143,79299141592.0,307154.96,1082,1082,307183.31,58078313183,3063241821,1408010358,572944824,79948003375.0,1419285539,194000000000.0,36391112,452242180,209000000000.0,79256094602.0,240215041,224192948,429000000000.0,201000000000.0,15.93,191.27,207.20000000000002
3701,EP,1413556660,36963831,453997328,79572141036.0,307287.57,9192,9192,307242.73,58130793056,3075037526,1405111445,572021555,79993840345.0,1416415078,194000000000.0,36387339,455563898,209000000000.0,78941588679.0,239925023,223934284,429000000000.0,200000000000.0,15.1,191.12,206.22
3702,EP,1414752551,38084855,466794415,79520176648.0,307112.44,1918,1918,307097.44,58154432301,3081666421,1405630172,571775393,79915923699.0,1418286573,194000000000.0,36963748,463943964,208000000000.0,79322521515.0,240633116,224563108,429000000000.0,201000000000.0,13.26,191.43,204.69
3703,EP,1415687400,37206549,450922559,79567507450.0,307176.23,2182,2182,307258.59,58144851825,3075354261,1403503101,572182089,80004984474.0,1417270796,194000000000.0,36264649,457408009,209000000000.0,79062096289.0,239893614,223923126,429000000000.0,200000000000.0,14.88,191.26,206.14
3704,EP,1412531253,37275089,458291844,79467499914.0,307302.94,2715,2715,307203.64,58170348275,3088686802,1406028754,571095839,79973215976.0,1417858289,194000000000.0,36387176,454003149,208000000000.0,79362255146.0,240281467,224216468,429000000000.0,201000000000.0,15.26,191.49,206.75
3705,EP,1417495351,37640561,461063028,79539807254.0,306956.94,2163,2163,307049.53,58133364531,3090408086,1401000018,572838255,79951589446.0,1417282824,194000000000.0,36852436,466724400,209000000000.0,79110348404.0,240213556,224231770,429000000000.0,200000000000.0,15.77,191.64,207.41
3706,EP,1413117009,37644866,457763726,79463747682.0,307126.75,7033,7033,307080.95,58131931696,3077635744,1403398985,571059945,79812902908.0,1415636353,194000000000.0,36846322,455957020,208000000000.0,79117704491.0,240043158,224086212,429000000000.0,200000000000.0,15.6,191.44,207.04
3707,EP,1415748972,37413183,459300213,79377703554.0,307072.85,7074,7074,307158.9,58034210206,3076281028,1404628966,571990543,79976941717.0,1419343376,194000000000.0,36474550,456528589,209000000000.0,79296301443.0,240120692,224072058,429000000000.0,201000000000.0,16.87,191.78,208.65
3708,EP,1414245903,37293947,461245386,79609600640.0,307121.95,1353,1353,307005.53,58204439061,3079348006,1402157511,571196906,80004153292.0,1415569766,194000000000.0,37070544,466354883,208000000000.0,78818585270.0,240313488,224353066,429000000000.0,200000000000.0,14.69,191.71,206.4
3709,EP,1416670935,38473364,465082682,79492358902.0,307010.74,4213,4222,307124.95,58217217306,3089490820,1406140862,572080014,80109338095.0,1420292450,195000000000.0,38160808,464472822,209000000000.0,79300722602.0,240959392,224811944,429000000000.0,201000000000.0,14.6,192.48,207.07999999999998
3710,EP,1417219795,37409048,452305646,79502161713.0,307158.49,7046,7037,306896.21,58077768451,3072245942,1401318753,571764668,79989542863.0,1416167951,194000000000.0,36732985,456823950,208000000000.0,78934038497.0,239889731,223953044,428000000000.0,200000000000.0,14.03,191.51,205.54
3711,EP,1410627811,37487273,463930273,79380715715.0,306681.43,0,0,306830.59,58211867010,3066170052,1403143285,570676797,80029866605.0,1414591759,194000000000.0,36784130,465259951,208000000000.0,79161885170.0,240462449,224376656,429000000000.0,201000000000.0,15.14,192.4,207.54000000000002
3712,EP,1415331934,36885233,453294559,79548679692.0,307228.97,0,0,307359.86,58074361872,3076192851,1404316194,571027905,80080247250.0,1417679907,194000000000.0,36048692,454164647,209000000000.0,79149045628.0,240236426,224227136,429000000000.0,201000000000.0,17.54,192.27,209.81
3713,EP,1411748661,37429154,458651399,79506605414.0,306969.75,20,20,306605.99,58075407252,3074991740,1399918725,569992875,79873820355.0,1412970104,193000000000.0,36591171,460059432,208000000000.0,78900168703.0,239863541,223901608,428000000000.0,201000000000.0,13.92,191.95,205.86999999999998
3714,EP,1415550532,37280923,460327635,79345428493.0,306413.51,271,271,306755.14,58032159698,3067823121,1401408471,571957368,79999834878.0,1416409721,194000000000.0,36510233,460185076,208000000000.0,79273977398.0,239989546,223944322,429000000000.0,202000000000.0,14.2,192.23,206.42999999999998
3715,EP,1415234882,37361353,454824926,79469634736.0,307118.06,565,565,306842.74,58085980519,3074479512,1399042136,571203309,80141510045.0,1415186592,193000000000.0,36499277,455733423,208000000000.0,78819163161.0,239997616,224137228,429000000000.0,202000000000.0,15.3,192.37,207.67000000000002
3716,EP,1411741692,37248288,464336718,79554800366.0,306922.69,816,816,307031.02,58112547851,3082195255,1397762863,570591395,80046826632.0,1415729024,194000000000.0,37037268,465234591,208000000000.0,79260018094.0,240430531,224295876,429000000000.0,201000000000.0,14.05,192.53,206.58
3717,EP,1411055527,37617907,457392084,79439003340.0,307177.42,1893,1893,307334.12,57902680289,3085804215,1399217518,569824307,80177952016.0,1419969117,194000000000.0,36103466,456813929,209000000000.0,79322876475.0,240177083,224249382,429000000000.0,201000000000.0,15.59,192.53,208.12
3718,EP,1408231818,37239762,453999711,79640473979.0,307201.83,2707,2707,307273.67,57975137702,3065986763,1396815147,569008803,80109135924.0,1417360732,194000000000.0,36450683,455667636,208000000000.0,79062706198.0,240262545,224132496,429000000000.0,200000000000.0,13.98,192.57,206.54999999999998
3719,EP,1412277851,37313890,464334911,79495604647.0,307191.26,2704,2704,307145.99,57928757852,3089131500,1398400650,570413113,80221328840.0,1419311002,194000000000.0,36925183,463030005,209000000000.0,79354048169.0,240461069,224480284,429000000000.0,201000000000.0,13.76,193.09,206.85
3720,EP,1409689138,37496621,452141288,79542325674.0,307251.46,1643,1682,307124.78,57951889860,3075086418,1397705583,568979575,80134662062.0,1417064555,194000000000.0,36996927,457610254,208000000000.0,78882732340.0,240124325,224096208,429000000000.0,200000000000.0,15.21,192.76,207.97
3721,EP,1410329631,37045016,454629707,79334945771.0,307078.45,7052,7013,307072.84,57833194686,3074926446,1398563286,569559470,79939816737.0,1417355741,194000000000.0,36264117,455486157,208000000000.0,79278931037.0,240070591,224057694,429000000000.0,201000000000.0,15.19,192.8,207.99
3722,EP,1412835949,37557096,458754281,79620461535.0,307211.44,7290,7290,307252.7,58072229660,3103998768,1397023291,571243120,80230309833.0,1417813670,194000000000.0,36763562,466461183,209000000000.0,79108572470.0,240454704,224442792,429000000000.0,200000000000.0,15.19,193.29,208.48
3723,EP,1408873318,37087215,456256879,79455943126.0,306930.62,1356,1356,307084.64,57917202681,3077578379,1398515167,569156642,79993189155.0,1417896644,194000000000.0,36398064,458524421,208000000000.0,79150582610.0,240250725,224170450,429000000000.0,201000000000.0,16.58,193.08,209.66000000000003
3724,EP,1417467022,37417225,454300820,79476135629.0,307262.91,1384,1384,307026.73,58046371247,3091734746,1400393150,572776074,80109197076.0,1417742764,194000000000.0,36528043,453675483,208000000000.0,78940947466.0,239994513,224090300,429000000000.0,202000000000.0,14.25,193.06,207.31
3725,EP,1414884544,37495067,464688124,79586999541.0,306845.84,7038,7038,306924.71,58231579725,3079372353,1399619986,571421080,79950355776.0,1413770854,194000000000.0,36898021,463434508,208000000000.0,79128564233.0,240193465,224131516,429000000000.0,202000000000.0,14.48,193.19,207.67
3726,EP,1415421699,36744663,452782349,79326923356.0,306803.87,0,0,306815.59,58020674599,3070603549,1402567121,571919393,80025620529.0,1418095031,194000000000.0,36207356,453038257,208000000000.0,79327986164.0,239912650,223956250,429000000000.0,201000000000.0,15.42,193.37,208.79
3727,EP,1414314168,37444669,456604317,79545458826.0,307124.5,8,8,307111.61,58155433545,3083022304,1402799773,570848900,80186431332.0,1416584145,194000000000.0,36496946,454222328,209000000000.0,78925380182.0,240127943,224078806,429000000000.0,200000000000.0,14.63,193.4,208.03
3728,EP,1414346407,37157447,459883967,79517372237.0,306794.88,20,20,306778.44,58143070102,3078662452,1403638977,571818112,80002442840.0,1417166818,194000000000.0,36877470,460868549,208000000000.0,79133613166.0,240299521,224292306,429000000000.0,201000000000.0,13.97,193.41,207.38
3729,EP,1413342849,37007341,460000012,79481518478.0,307089.56,0,0,307002.88,58070966067,3066555206,1403678056,571316876,80213077237.0,1418787742,194000000000.0,35966556,449933541,208000000000.0,79388773852.0,240006406,224025970,429000000000.0,200000000000.0,16.98,193.52,210.5
3730,EP,1414997312,36690649,454153693,79504071891.0,306919.82,0,0,306994.3,58083846996,3071182470,1403424707,570988310,79937668754.0,1413920952,193000000000.0,36183123,456602935,208000000000.0,78828825936.0,239696325,223682858,429000000000.0,200000000000.0,17.27,193.44,210.71
3731,EP,1415716156,37468254,467331057,79425845961.0,306722.84,0,0,306662.8,57935295978,3086381096,1401472090,571884871,80182465797.0,1417736275,194000000000.0,36965157,463791523,208000000000.0,79153171205.0,240442003,224470820,429000000000.0,199000000000.0,14.41,193.79,208.2
3732,EP,1413841828,37062288,451532887,79477786936.0,307009.91,22,22,307119.97,57873083165,3073096569,1398930852,571568427,80052866855.0,1416838193,194000000000.0,36611034,456715195,208000000000.0,78916797079.0,239891693,223865320,429000000000.0,198000000000.0,15.86,193.51,209.37
3733,EP,1412877251,36733942,453765920,79451652921.0,306805.76,5,5,306771.24,57943650692,3050294345,1401188187,570915540,80008091222.0,1418442239,194000000000.0,36334670,453965900,208000000000.0,79171420745.0,239907388,223933878,429000000000.0,199000000000.0,14.37,193.72,208.09
3734,EP,1415307123,37465102,461534280,79527481535.0,307164.49,1,1,307135.22,57996160093,3076626157,1399406617,571615191,80125221919.0,1419426877,194000000000.0,36642274,464627907,208000000000.0,79295685621.0,240602619,224500080,429000000000.0,198000000000.0,17.46,194.19,211.65
3735,EP,1415356372,36642895,452617734,79621373559.0,307022.95,0,0,306984.05,57944944943,3077811673,1397598700,568807519,79815343212.0,1415224202,194000000000.0,35987611,454975726,207000000000.0,78736637450.0,239695966,223742918,428000000000.0,197000000000.0,14.37,193.56,207.93
3736,EP,1411814189,36889095,452958499,79253377982.0,306667.73,0,0,306419.13,57753706240,3061156274,1395289545,568399679,79759964228.0,1416354387,194000000000.0,36060508,455458434,207000000000.0,79045259676.0,239649032,223676544,428000000000.0,197000000000.0,16.76,193.52,210.28
3737,EP,1411878311,37385461,459512424,79434818893.0,306326.07,0,0,306653.29,57899748754,3075210699,1395917659,569230832,79979565018.0,1417709874,194000000000.0,36571959,460834671,207000000000.0,78960032834.0,240053415,224040726,429000000000.0,197000000000.0,14.8,194.04,208.84
3738,EP,1413014137,37184387,452027442,79482879460.0,306752.15,20,20,306723.39,57889011692,3071294557,1397668198,568715101,79750971312.0,1415260398,194000000000.0,36421360,456976203,207000000000.0,78908213359.0,239931911,223937882,429000000000.0,197000000000.0,14.47,193.69,208.16
3739,EP,1416351639,37139662,457080500,79453710018.0,306932.11,298,298,306749.61,57996273918,3087091568,1396743319,570328051,79721556833.0,1418070662,195000000000.0,36628104,454081653,207000000000.0,79320384867.0,240139523,224110068,428000000000.0,197000000000.0,14.67,193.96,208.63
3740,EP,1417597299,36895289,460506974,79536753463.0,306853.55,270,270,307179.92,58162955553,3070171381,1397616938,572552098,79880905110.0,1417580297,195000000000.0,36577269,454912841,207000000000.0,79134170061.0,240077646,224097244,429000000000.0,197000000000.0,14.61,193.99,208.60000000000002
3741,EP,1420189884,37266618,456225619,79456825643.0,307158.33,1083,1083,307073.02,58151385194,3073948976,1398045984,570979803,79782680159.0,1419280450,195000000000.0,36288192,455748577,206000000000.0,79137244682.0,240334024,224330148,429000000000.0,197000000000.0,15.24,194.15,209.39000000000001
3742,EP,1423055754,37165428,460859494,79576114041.0,307008.83,1628,1628,306914.22,58171784670,3091046749,1392326772,573063282,79957912029.0,1417722544,194000000000.0,36972582,465895712,206000000000.0,79172239870.0,240349049,224279468,429000000000.0,198000000000.0,14.59,194.07,208.66
3743,EP,1419256823,37009148,456407810,79453481187.0,306897.86,1188,1343,307047.28,58142034066,3062154933,1392250105,570130694,79899317447.0,1418584480,194000000000.0,36191103,456068585,206000000000.0,78974672677.0,240114017,224192962,429000000000.0,199000000000.0,15.47,194.15,209.62
3744,EP,1422188646,36783917,456409318,79516804458.0,307182.83,3412,3257,307253.55,58156489159,3082866047,1394336883,571854646,80022545149.0,1420198260,194000000000.0,36629442,454274223,206000000000.0,79184740147.0,240354314,224276864,429000000000.0,199000000000.0,14.47,194.4,208.87
3745,EP,1416292107,38000625,460404878,79787299977.0,307260.62,1890,1890,307293.85,58037552207,3092906139,1389620113,569851608,80067620016.0,1417924703,194000000000.0,37500405,464517422,206000000000.0,79104711533.0,240611424,224606158,429000000000.0,199000000000.0,13.97,194.44,208.41
3746,EP,1414585431,37133585,452271374,79409173162.0,307291.42,5491,5544,307195.65,57957939490,3073798987,1391803525,569613905,80112735312.0,1421612834,195000000000.0,36130653,455311379,206000000000.0,79112492782.0,240494978,224397698,429000000000.0,199000000000.0,16.16,194.72,210.88
3747,EP,1421221895,37088992,455220756,79610307777.0,307307.34,6918,6874,307317.18,58144713216,3078683194,1393813018,572115408,79976702408.0,1417044083,194000000000.0,36276320,456859119,206000000000.0,79017735679.0,240038715,224071960,429000000000.0,199000000000.0,15.28,194.15,209.43
3748,EP,1417923708,37654663,461162769,79483136968.0,306992.9,3547,3539,306919.81,58141819798,3069186737,1396351901,573572469,79999520153.0,1418822327,194000000000.0,37050497,462168121,207000000000.0,79210439132.0,240681083,224626486,429000000000.0,201000000000.0,14.3,194.74,209.04000000000002
3749,EP,1422095991,37128637,455178667,79565089717.0,307246.57,543,542,307302.55,58128890097,3073745093,1394651725,573582382,80013900109.0,1418835222,194000000000.0,36519570,455993602,207000000000.0,79009560400.0,240217353,224223510,429000000000.0,201000000000.0,16.31,194.61,210.92000000000002
3750,EP,1420071159,37145845,453312271,79623301823.0,307316.86,6222,6222,307508.16,58227314087,3082069877,1398468898,572776196,79963460969.0,1420686618,195000000000.0,36477562,459307471,207000000000.0,79069798226.0,240655566,224586208,430000000000.0,201000000000.0,15.41,194.67,210.07999999999998
3751,EP,1423787368,37359078,463684134,79767182695.0,307488.6,2192,2192,307266.12,58250832646,3094056738,1396984227,574634742,80128613410.0,1420057011,194000000000.0,37711774,468015226,207000000000.0,79315857719.0,240454475,224418040,429000000000.0,201000000000.0,14.31,194.66,208.97
3752,EP,1424668513,37275236,454551986,79574483446.0,307105.73,0,0,307099.61,58336892579,3083509441,1398630577,575134241,79898830744.0,1417863077,194000000000.0,36476517,460449281,207000000000.0,79029220588.0,240317222,224315686,429000000000.0,201000000000.0,15.89,194.66,210.55
3753,EP,1426841406,36667158,456411573,79456742254.0,307230.44,0,0,307310.49,58324401393,3077106736,1400063721,575966946,79989049652.0,1420325879,194000000000.0,36155572,455800590,207000000000.0,79167359295.0,240328713,224288694,429000000000.0,201000000000.0,15.19,194.43,209.62
3754,EP,1424315117,37290448,461154064,79753973966.0,307351.15,0,0,307264.6,58434581985,3077949630,1399020774,575885281,80025426529.0,1416363630,194000000000.0,36543833,460831426,207000000000.0,79120339598.0,240741317,224707588,429000000000.0,201000000000.0,15.44,194.99,210.43
3755,EP,1425366275,37056577,456984172,79489830844.0,307114.07,20,20,307212.83,58309158764,3064893796,1400182466,575130246,80016462962.0,1421288925,195000000000.0,36707650,455807702,207000000000.0,79199085719.0,240402776,224404880,429000000000.0,201000000000.0,15.28,194.78,210.06
3756,EP,1426048821,37203225,452391390,79613871817.0,307394.0,19,19,307266.35,58356344792,3082273062,1399136436,575390892,79926839958.0,1418325914,194000000000.0,36386653,456553428,207000000000.0,78802981264.0,240203180,224181482,429000000000.0,200000000000.0,15.72,194.67,210.39
3757,EP,1424634718,37323343,462103245,79489406964.0,306982.6,0,0,307095.37,58372472562,3102281308,1399047631,575373780,79800655774.0,1418155075,195000000000.0,36920451,459581493,207000000000.0,79292872621.0,240714853,224629370,429000000000.0,201000000000.0,15.41,195.03,210.44
3758,EP,1427755233,36975207,451172635,79512798813.0,307322.11,0,0,307224.87,58357397797,3061418519,1397822003,575658483,79906872698.0,1419944793,195000000000.0,36075174,454524420,207000000000.0,79101107440.0,240324771,224318766,429000000000.0,201000000000.0,15.58,194.91,210.49
3759,EP,1425471688,37214349,456081555,79532127802.0,307262.92,0,0,307284.41,58333054614,3082189434,1400169157,575741298,79690564320.0,1417565274,195000000000.0,36438541,455741316,207000000000.0,79225837042.0,240376121,224341278,429000000000.0,201000000000.0,15.01,194.73,209.73999999999998
3760,EP,1425052379,37531677,465478894,79723958539.0,307200.7,1508,1536,307239.99,58440305027,3104683436,1401988154,576119990,80124171264.0,1422084637,195000000000.0,36907659,464461861,207000000000.0,79398489076.0,241135054,225121232,429000000000.0,201000000000.0,14.54,195.22,209.76
3761,EP,1430369318,37317248,458049571,79701014513.0,307316.06,1452,1424,307336.07,58574019169,3089038424,1402986210,576427435,79608299716.0,1417706595,195000000000.0,36333912,457639706,207000000000.0,79197168426.0,240317025,224219814,429000000000.0,201000000000.0,14.98,194.96,209.94
3762,EP,1429897585,37688521,459956488,79546631730.0,306893.13,1517,1518,306346.49,58389517507,3096747204,1399824230,574639727,79538593858.0,1418032406,195000000000.0,37263428,469785637,207000000000.0,79102512052.0,240303140,224310198,428000000000.0,200000000000.0,14.44,194.84,209.28
3763,EP,1420790816,37221472,461304909,79640701147.0,306537.45,1096,1095,307039.97,58446913666,3091385446,1399280744,575673983,79725339424.0,1418462809,195000000000.0,37304032,457973930,207000000000.0,79114135594.0,240336852,224306572,429000000000.0,201000000000.0,15.1,195.13,210.23
3764,EP,1426423831,36977472,454774996,79460884001.0,307237.34,0,0,306830.19,58200137259,3053008109,1392337495,571547209,78913151052.0,1404985280,193000000000.0,35653871,452376144,204000000000.0,78253567042.0,236756093,220794728,422000000000.0,197000000000.0,14.04,191.35,205.39
3765,EP,1398315196,35717173,450981854,77732590661.0,299170.46,0,0,297282.11,56607313564,2972986362,1355108332,557713738,77220621673.0,1373560183,189000000000.0,35090611,441017344,200000000000.0,76994927566.0,232493356,216929454,415000000000.0,194000000000.0,14.13,188.93,203.06
3766,EP,1378809205,35990862,445909986,77090137321.0,297365.27,0,0,297657.68,56580249761,2985037405,1356040127,557512625,77267396625.0,1375539639,189000000000.0,35487268,442721578,200000000000.0,76929960651.0,232944917,217430850,416000000000.0,194000000000.0,13.39,189.26,202.64999999999998
3767,EP,1382977018,35609116,443464743,77181301402.0,297929.13,0,0,297870.7,56590126430,2975298268,1355334974,556415948,77176320227.0,1374642723,189000000000.0,35395207,440121341,200000000000.0,76779393020.0,232961633,217607964,417000000000.0,195000000000.0,15.87,189.79,205.66
3768,EP,1389185663,36132476,448220976,77455255199.0,298850.2,20,20,298624.92,56787975610,2986419103,1357485584,558721119,77509086668.0,1379762195,190000000000.0,35988468,451718215,200000000000.0,77093657525.0,233609153,217884870,416000000000.0,194000000000.0,16.1,189.19,205.29
3769,EP,1377806143,35990621,443609014,77113373519.0,297370.78,5,5,297726.0,56619954949,2971429319,1352624816,556693969,77308762254.0,1374907998,189000000000.0,35111630,442550797,200000000000.0,76922651747.0,232991097,217465458,416000000000.0,195000000000.0,15.38,189.4,204.78
3770,EP,1384597739,35903449,440632797,77111302361.0,297904.63,20,20,297756.5,56682643182,2989721262,1353419943,556403162,77077187912.0,1374744157,189000000000.0,34976003,441977874,200000000000.0,76698501462.0,232628810,217082138,416000000000.0,194000000000.0,14.34,189.06,203.4
3771,EP,1365045380,35484863,452983223,76357516701.0,297503.6,484,484,297494.7,56237058532,3009799392,1332246273,569920278,76530701059.0,1352273201,189000000000.0,35478701,459904710,200000000000.0,75984350875.0,233292510,217798154,417000000000.0,195000000000.0,13.85,189.09,202.94
3772,EP,1014857814,32104796,646430860,62775035859.0,298125.97,3955,3955,297947.59,49722473450,3862430140,965829540,748732931,61094791723.0,968929235,191000000000.0,30372118,659544230,201000000000.0,60552869068.0,227747653,212479078,415000000000.0,195000000000.0,13.11,178.42,191.52999999999997
3773,EP,526926850,28279411,913001469,42453902066.0,296960.79,8283,8290,296972.41,42194204209,5042123450,510714879,936058320,42133918066.0,519923808,194000000000.0,27788440,922851074,204000000000.0,42130504205.0,226489820,211397088,416000000000.0,199000000000.0,8.85,167.52,176.37
3774,EP,468508996,22361764,934368081,40040751444.0,297639.59,1293,1286,297302.67,41352510842,5066542274,455775237,956222206,39888384013.0,462882671,193000000000.0,21745225,928780737,203000000000.0,39629264763.0,223589083,208725076,414000000000.0,197000000000.0,7.87,164.16,172.03
3775,EP,458125656,21840551,926048728,39593932997.0,296146.87,0,0,296448.88,41176095931,5060999829,449366527,956510062,39626359327.0,457227154,192000000000.0,20976082,926782551,203000000000.0,39472133973.0,223468191,208501048,414000000000.0,198000000000.0,7.6,163.94,171.54
3776,EP,457478570,20863312,921991826,39650782201.0,296718.75,0,0,296658.83,41185140827,5055964770,448067028,957718050,39610468937.0,456110098,192000000000.0,20315067,922778821,203000000000.0,39411412552.0,223119021,208261816,414000000000.0,197000000000.0,7.35,163.55,170.9
3777,EP,458919792,21226670,925023251,39617367320.0,296255.14,0,0,296051.49,41087458436,5051155210,449338441,955374969,39605336252.0,457130818,192000000000.0,20615563,927325346,202000000000.0,39420326470.0,223116954,208199376,413000000000.0,197000000000.0,8.4,163.63,172.03
3778,EP,458178852,21438139,926539832,39637090683.0,296158.76,52,52,296400.99,41160741601,5053660599,450143931,958950968,39702266897.0,457483264,193000000000.0,20903922,927253920,203000000000.0,39553625541.0,223800425,208953626,416000000000.0,198000000000.0,7.6,164.12,171.72
