,Application,Perf_node01_task_clock,Perf_node01_cpu_bus_cycles_,Perf_node01_cpu_cpu_cycles_,Perf_node01_msr_aperf_,Perf_node01_msr_mperf_,Perf_node01_msr_tsc_,Perf_node01_cpu_ref_cycles_,Perf_node01_power_energy_pkg_,a,Perf_node01_power_energy_ram_,b,Perf_node01_power_energy_total_,c
0,BT,10,11,11,11,11,10,11,2,,3,,2,
1,BT,11,11,11,11,11,11,11,2,2,1,3,2,2
2,BT,11,11,11,11,11,10,11,2,2,1,1,2,2
3,BT,11,10,10,11,11,11,11,2,2,3,1,2,2
4,BT,11,11,11,11,11,11,11,3,2,3,3,3,2
5,BT,10,10,10,10,10,10,10,0,3,0,3,0,3
6,BT,10,10,10,10,11,11,11,2,0,2,0,2,0
7,BT,10,10,10,10,10,10,10,1,2,1,2,1,2
8,BT,11,11,11,11,11,11,11,2,1,3,1,2,1
9,BT,10,10,10,10,10,10,10,1,2,0,3,1,2
10,BT,10,11,11,10,10,10,10,2,1,1,0,1,1
11,BT,11,11,11,11,11,11,11,3,2,3,1,3,1
12,BT,10,10,10,10,10,10,10,0,3,0,3,0,3
13,BT,10,10,10,10,10,10,11,2,0,0,0,1,0
14,BT,11,11,11,11,11,11,11,3,2,3,0,3,1
15,BT,10,10,10,10,10,10,10,0,3,0,3,0,3
16,BT,10,10,10,10,10,10,10,2,0,1,0,1,0
17,BT,11,11,11,11,11,11,11,3,2,3,1,3,1
18,BT,10,10,10,10,10,10,10,1,3,0,3,1,3
19,BT,10,10,10,10,10,10,10,1,1,0,0,1,1
20,BT,11,11,11,11,11,11,11,3,1,3,0,3,1
21,BT,10,10,10,10,10,10,10,0,3,0,3,0,3
22,BT,10,10,10,10,10,10,10,1,0,0,0,1,0
23,BT,11,11,11,11,11,11,11,3,1,3,0,3,1
24,BT,10,10,10,10,10,10,10,0,3,1,3,0,3
25,BT,10,10,10,10,10,10,10,1,0,0,1,1,0
26,BT,11,11,11,11,11,11,11,3,1,3,0,3,1
27,BT,10,10,10,10,10,10,10,0,3,0,3,0,3
28,BT,10,10,10,10,11,11,11,2,0,1,0,2,0
29,BT,11,11,11,11,11,11,11,3,2,3,1,3,2
30,BT,10,10,10,10,10,10,10,0,3,1,3,0,3
31,BT,10,10,10,11,11,11,11,2,0,2,1,2,0
32,BT,11,11,11,11,11,11,11,2,2,2,2,2,2
33,BT,10,10,10,10,10,10,10,0,2,1,2,0,2
34,BT,10,10,10,11,11,11,11,2,0,0,1,2,0
35,BT,11,11,11,11,11,11,11,2,2,3,0,3,2
36,BT,10,10,10,10,10,10,10,0,2,0,3,0,3
37,BT,10,10,10,10,10,11,10,2,0,0,0,1,0
38,BT,11,11,11,11,11,11,11,3,2,3,0,3,1
39,BT,10,10,10,10,10,10,10,0,3,1,3,0,3
40,BT,10,10,10,10,10,10,10,2,0,1,1,2,0
41,BT,11,11,11,11,11,11,11,3,2,3,1,3,2
42,BT,10,10,10,10,10,10,10,0,3,1,3,0,3
43,BT,10,10,10,10,10,10,10,2,0,1,1,2,0
44,BT,10,10,11,10,10,10,11,2,2,2,1,2,2
45,BT,11,11,11,11,11,11,11,1,2,3,2,2,2
46,BT,10,10,10,10,10,10,10,2,1,0,3,1,2
47,BT,11,10,10,10,10,10,10,1,2,2,0,1,1
48,BT,11,11,11,11,11,11,11,3,1,3,2,3,1
49,BT,10,10,10,10,10,10,10,0,3,0,3,0,3
50,BT,10,10,10,10,10,11,11,2,0,0,0,1,0
51,BT,11,11,11,11,11,11,11,3,2,3,0,3,1
52,BT,10,10,10,10,10,10,10,0,3,0,3,0,3
53,BT,10,10,10,10,10,11,11,2,0,1,0,2,0
54,BT,11,11,11,11,11,11,11,3,2,3,1,3,2
55,BT,10,10,10,10,10,10,10,0,3,0,3,0,3
56,BT,10,10,10,10,10,10,10,1,0,1,0,1,0
57,BT,11,11,11,11,11,11,11,3,1,3,1,3,1
58,BT,10,10,10,10,10,10,10,1,3,0,3,0,3
59,BT,10,10,10,10,10,10,10,1,1,0,0,1,0
60,BT,11,11,11,11,11,11,11,3,1,3,0,3,1
61,BT,10,10,10,10,10,10,10,1,3,0,3,1,3
62,BT,10,10,10,10,10,10,10,1,1,0,0,1,1
63,BT,11,11,11,11,11,11,11,3,1,3,0,3,1
64,BT,10,10,10,10,10,10,10,0,3,0,3,0,3
65,BT,10,10,10,10,10,10,10,1,0,0,0,1,0
66,BT,11,11,11,11,11,11,11,3,1,3,0,3,1
67,BT,10,10,10,10,10,10,10,0,3,0,3,0,3
68,BT,10,10,10,10,10,11,11,1,0,1,0,1,0
69,BT,11,11,11,11,11,11,11,3,1,3,1,3,1
70,BT,10,10,10,10,10,10,10,0,3,0,3,0,3
71,BT,10,10,10,10,11,11,11,2,0,0,0,1,0
72,BT,11,11,11,11,11,11,11,3,2,3,0,3,1
73,BT,10,10,10,10,10,10,10,0,3,1,3,0,3
74,BT,10,10,10,10,10,11,11,2,0,1,1,2,0
75,BT,11,11,11,11,11,11,11,3,2,3,1,3,2
76,BT,10,10,10,10,10,10,10,0,3,1,3,0,3
77,BT,10,10,10,10,11,11,11,2,0,1,1,2,0
78,BT,11,11,11,11,11,11,11,3,2,2,1,3,2
79,BT,10,10,10,10,10,10,10,0,3,0,2,0,3
80,BT,10,10,10,10,11,11,11,2,0,2,0,2,0
81,BT,11,11,11,11,11,11,11,3,2,3,2,3,2
82,BT,10,10,10,10,10,10,10,0,3,1,3,0,3
83,BT,10,10,10,10,10,11,11,2,0,1,1,2,0
84,BT,11,11,11,11,11,11,11,2,2,2,1,2,2
85,BT,10,10,10,10,10,10,10,0,2,1,2,0,2
86,BT,10,10,10,10,10,10,10,2,0,0,1,1,0
87,BT,11,11,11,11,11,11,11,3,2,3,0,3,1
88,BT,10,10,10,10,10,10,10,0,3,2,3,0,3
89,BT,10,10,10,10,10,10,10,2,0,0,2,1,0
90,BT,10,11,11,11,11,11,11,2,2,1,0,2,1
91,BT,11,11,11,10,10,10,10,0,2,3,1,1,2
92,BT,10,10,10,10,10,10,10,2,0,0,3,2,1
93,BT,10,10,10,11,11,11,11,1,2,1,0,1,2
94,BT,11,11,11,11,11,11,11,3,1,3,1,3,1
95,BT,10,10,10,10,10,10,10,1,3,0,3,1,3
96,BT,10,10,10,10,10,10,10,1,1,1,0,1,1
97,BT,11,11,11,11,11,11,11,3,1,3,1,3,1
98,BT,10,10,10,10,10,10,10,0,3,0,3,0,3
99,BT,10,10,10,10,10,10,11,2,0,0,0,1,0
100,BT,11,11,11,11,11,11,11,3,2,3,0,3,1
101,BT,10,10,10,10,10,10,10,0,3,0,3,0,3
102,BT,10,10,10,10,10,11,11,2,0,1,0,2,0
103,BT,11,11,11,11,11,11,11,3,2,3,1,3,2
104,BT,10,10,10,10,10,10,10,0,3,0,3,0,3
105,BT,10,10,10,10,10,10,10,1,0,1,0,1,0
106,BT,11,11,11,11,11,11,11,3,1,3,1,3,1
107,BT,11,10,10,10,10,10,10,0,3,0,3,0,3
108,BT,10,10,10,10,10,10,10,1,0,1,0,1,0
109,BT,11,11,11,11,11,11,11,3,1,3,1,3,1
110,BT,10,10,10,10,10,10,10,0,3,0,3,0,3
111,BT,10,10,10,10,10,10,10,1,0,0,0,1,0
112,BT,11,11,11,11,11,11,11,3,1,3,0,3,1
113,BT,10,10,10,10,10,10,10,0,3,1,3,1,3
114,BT,10,10,10,10,10,10,10,1,0,0,1,1,1
115,BT,11,11,11,11,11,11,11,3,1,3,0,3,1
116,BT,10,10,10,10,10,10,10,1,3,0,3,0,3
117,BT,10,10,10,10,10,10,10,1,1,0,0,1,0
118,BT,11,11,11,11,11,11,11,3,1,3,0,3,1
119,BT,10,10,10,10,10,10,10,0,3,0,3,0,3
120,BT,10,10,10,10,10,10,10,1,0,1,0,1,0
121,BT,11,11,11,11,11,11,11,3,1,3,1,3,1
122,BT,10,10,10,10,10,10,10,0,3,0,3,0,3
123,BT,10,10,10,10,10,10,10,1,0,0,0,1,0
124,BT,11,11,11,11,11,11,11,3,1,3,0,3,1
125,BT,10,10,10,10,10,10,10,0,3,0,3,0,3
126,BT,10,10,10,10,10,11,11,2,0,1,0,1,0
127,BT,11,11,11,11,11,11,11,3,2,3,1,3,1
128,BT,10,10,10,10,10,10,10,0,3,1,3,0,3
129,BT,10,11,10,11,11,11,11,2,0,1,1,2,0
130,BT,11,11,11,11,11,11,11,3,2,3,1,3,2
131,BT,10,10,10,10,10,10,10,0,3,0,3,0,3
132,BT,10,10,10,10,11,11,11,2,0,1,0,2,0
133,BT,11,11,11,11,11,11,11,3,2,3,1,3,2
134,BT,10,10,10,10,10,10,10,0,3,0,3,0,3
135,BT,10,10,10,10,10,11,11,2,0,1,0,1,0
136,BT,11,11,11,11,11,11,11,2,2,3,1,2,1
137,BT,10,10,10,10,10,10,10,0,2,1,3,0,2
138,BT,10,10,10,10,11,11,11,2,0,1,1,2,0
139,BT,11,11,11,11,11,11,11,3,2,2,1,3,2
140,BT,10,10,10,10,10,10,10,0,3,1,2,0,3
141,BT,10,10,10,10,10,10,10,2,0,0,1,1,0
142,BT,11,11,11,11,11,11,11,2,2,3,0,3,1
143,BT,10,10,10,10,10,10,10,0,2,1,3,0,3
144,BT,10,10,10,10,10,10,10,2,0,0,1,1,0
145,BT,11,11,11,11,11,11,11,3,2,3,0,3,1
146,BT,11,11,10,10,10,10,10,0,3,3,3,0,3
147,BT,10,10,10,10,10,11,10,2,0,0,3,2,0
148,BT,10,10,10,10,10,10,10,1,2,2,0,1,2
149,BT,11,11,11,11,11,11,11,2,1,3,2,2,1
150,BT,10,10,10,10,10,10,10,1,2,0,3,1,2
151,BT,10,11,11,11,11,10,11,2,1,1,0,2,1
152,BT,11,11,11,11,11,11,11,3,2,3,1,3,2
153,BT,10,10,10,10,10,10,10,0,3,0,3,0,3
154,BT,10,10,10,10,11,11,11,2,0,1,0,2,0
155,BT,11,11,11,11,11,11,11,3,2,3,1,3,2
156,BT,10,10,10,10,10,10,10,0,3,0,3,0,3
157,BT,10,10,10,10,10,10,10,1,0,0,0,1,0
158,BT,11,11,11,11,11,11,11,3,1,3,0,3,1
159,BT,10,10,10,10,10,10,10,0,3,0,3,0,3
160,BT,10,10,10,10,10,10,10,1,0,0,0,1,0
161,BT,11,11,11,11,11,11,11,3,1,3,0,3,1
162,BT,10,10,10,10,10,10,10,0,3,0,3,0,3
163,BT,10,10,10,10,10,10,10,1,0,1,0,1,0
164,BT,11,11,11,11,11,11,11,3,1,3,1,3,1
165,BT,10,10,10,10,10,10,10,0,3,0,3,0,3
166,BT,10,10,10,10,10,10,10,1,0,0,0,1,0
167,BT,11,11,11,11,11,11,11,3,1,3,0,3,1
168,BT,10,10,10,10,10,10,10,0,3,2,3,0,3
169,BT,10,10,10,10,10,10,10,1,0,0,2,1,0
170,BT,11,11,11,11,11,11,11,3,1,3,0,3,1
171,BT,10,10,10,10,10,10,10,0,3,1,3,0,3
172,BT,10,10,10,10,10,11,11,1,0,1,1,1,0
173,BT,11,11,11,11,11,11,11,3,1,3,1,3,1
174,BT,10,10,10,10,10,10,10,0,3,1,3,0,3
175,BT,10,10,10,10,10,11,11,2,0,1,1,2,0
176,BT,11,11,11,11,11,11,11,3,2,3,1,3,2
177,BT,10,10,10,10,10,10,10,0,3,0,3,0,3
178,BT,10,10,10,10,10,11,11,2,0,1,0,2,0
179,BT,11,11,11,11,11,11,11,2,2,2,1,2,2
180,BT,11,10,10,10,10,10,10,0,2,2,2,0,2
181,BT,10,10,10,10,10,11,11,2,0,2,2,2,0
182,BT,11,11,11,11,11,11,11,3,2,1,2,3,2
183,BT,10,10,10,10,10,10,10,0,3,2,1,0,3
184,BT,10,10,10,10,10,10,10,2,0,1,2,2,0
185,BT,11,11,11,11,11,11,11,2,2,1,1,2,2
186,BT,11,11,11,10,10,10,10,0,2,3,1,1,2
187,BT,10,10,10,10,10,10,10,2,0,0,3,2,1
188,BT,11,11,11,11,11,11,11,2,2,3,0,2,2
189,BT,11,11,11,11,11,11,11,2,2,3,3,2,2
190,BT,10,10,10,10,10,10,10,1,2,0,3,0,2
191,BT,10,10,10,10,10,10,10,1,1,2,0,1,0
192,BT,11,11,11,11,11,11,11,3,1,3,2,3,1
193,BT,11,10,10,10,10,10,10,1,3,0,3,0,3
194,BT,10,10,10,10,10,10,10,1,1,1,0,1,0
195,BT,11,11,11,11,11,11,11,3,1,3,1,3,1
196,BT,10,10,10,10,10,10,10,0,3,0,3,0,3
197,BT,10,10,10,10,10,10,10,1,0,1,0,1,0
198,BT,11,11,11,11,11,11,11,3,1,3,1,3,1
199,BT,11,10,10,10,10,10,10,0,3,1,3,1,3
200,BT,10,10,10,10,10,10,10,1,0,0,1,1,1
201,BT,11,11,11,11,11,11,11,3,1,3,0,3,1
202,BT,10,10,10,10,10,10,10,1,3,1,3,1,3
203,BT,10,10,10,10,10,10,10,1,1,1,1,1,1
204,BT,11,11,11,11,11,11,11,3,1,3,1,3,1
205,BT,10,10,10,10,10,10,10,0,3,0,3,0,3
206,BT,10,10,10,10,10,10,10,1,0,1,0,1,0
207,BT,11,11,11,11,11,11,11,3,1,3,1,3,1
208,BT,10,10,10,10,10,10,10,0,3,1,3,0,3
209,BT,10,10,10,10,10,11,11,2,0,1,1,2,0
210,BT,11,11,11,11,11,11,11,3,2,3,1,3,2
211,BT,10,10,10,10,10,10,10,0,3,0,3,0,3
212,BT,10,10,10,10,10,11,11,2,0,1,0,1,0
213,BT,11,11,11,11,11,11,11,3,2,2,1,3,1
214,BT,10,10,10,10,10,10,10,0,3,1,2,0,3
215,BT,10,10,10,11,11,11,11,2,0,1,1,2,0
216,BT,11,11,11,11,11,11,11,2,2,2,1,2,2
217,BT,10,10,10,10,10,10,10,0,2,0,2,0,2
218,BT,10,10,11,11,11,11,11,2,0,1,0,2,0
219,BT,11,11,11,11,11,11,11,3,2,3,1,3,2
220,BT,10,10,10,10,10,10,10,0,3,1,3,0,3
221,BT,10,10,10,10,10,11,11,2,0,1,1,2,0
222,BT,11,11,11,11,11,11,11,3,2,2,1,3,2
223,BT,10,10,10,10,10,10,10,0,3,1,2,0,3
224,BT,10,10,10,11,11,11,11,2,0,1,1,2,0
225,BT,11,11,11,11,11,11,11,3,2,3,1,3,2
226,BT,10,10,10,10,10,10,10,0,3,1,3,0,3
227,BT,10,10,10,10,11,11,11,2,0,1,1,2,0
228,BT,11,11,11,11,11,11,11,3,2,3,1,3,2
229,BT,10,10,10,10,10,10,10,0,3,1,3,0,3
230,BT,10,10,10,11,11,11,11,2,0,1,1,2,0
231,BT,11,11,11,11,11,11,11,3,2,3,1,3,2
232,BT,10,10,10,10,10,10,10,0,3,1,3,0,3
233,BT,10,10,10,10,10,11,11,2,0,2,1,2,0
234,BT,11,11,11,11,11,11,11,3,2,3,2,3,2
235,BT,10,10,10,10,10,10,10,0,3,0,3,0,3
236,BT,10,10,10,10,10,11,11,2,0,1,0,2,0
237,BT,11,11,11,11,11,11,11,3,2,2,1,3,2
238,BT,10,10,10,10,10,10,10,0,3,0,2,0,3
239,BT,10,10,10,10,10,11,10,2,0,0,0,2,0
240,BT,11,11,11,11,11,11,11,3,2,3,0,3,2
241,BT,11,10,10,10,10,10,10,0,3,1,3,0,3
242,BT,10,10,10,10,10,11,10,2,0,1,1,2,0
243,BT,11,11,11,11,11,11,11,2,2,2,1,2,2
244,BT,11,10,10,10,10,10,10,0,2,2,2,1,2
245,BT,10,10,10,10,10,11,10,2,0,0,2,2,1
246,BT,11,11,11,10,10,10,11,1,2,0,0,1,2
247,BT,11,11,11,11,11,11,11,2,1,3,0,2,1
248,BT,10,10,10,10,10,10,10,1,2,0,3,1,2
249,BT,10,11,11,11,11,11,11,2,1,0,0,1,1
250,BT,11,11,11,11,11,11,11,2,2,3,0,3,1
251,BT,10,10,10,10,10,10,10,1,2,0,3,0,3
252,BT,10,10,10,10,10,10,10,1,1,0,0,1,0
253,BT,11,11,11,11,11,11,11,3,1,3,0,3,1
254,BT,10,10,10,10,10,10,10,0,3,1,3,0,3
255,BT,10,10,10,10,10,10,10,1,0,1,1,1,0
256,BT,11,11,11,11,11,11,11,3,1,3,1,3,1
257,BT,10,10,10,10,10,10,10,0,3,0,3,0,3
258,BT,10,10,10,10,10,10,10,1,0,1,0,1,0
259,BT,11,11,11,11,11,11,11,3,1,3,1,3,1
260,BT,11,10,10,10,10,10,10,0,3,0,3,0,3
261,BT,10,10,10,10,10,10,10,1,0,0,0,1,0
262,BT,11,11,11,11,11,11,11,3,1,3,0,3,1
263,BT,10,10,10,10,10,10,10,1,3,0,3,1,3
264,BT,10,10,10,10,10,10,10,1,1,1,0,1,1
265,BT,11,11,11,11,11,11,11,3,1,3,1,3,1
266,BT,10,10,10,10,10,10,10,0,3,0,3,0,3
267,BT,10,10,10,10,10,10,10,1,0,1,0,1,0
268,BT,11,11,11,11,11,11,11,3,1,3,1,3,1
269,BT,10,10,10,10,10,10,10,0,3,0,3,0,3
270,BT,10,10,10,10,10,11,11,1,0,0,0,1,0
271,BT,11,11,11,11,11,11,11,3,1,3,0,3,1
272,BT,11,10,10,10,10,10,10,0,3,0,3,0,3
273,BT,10,10,10,10,10,11,11,1,0,0,0,1,0
274,BT,11,11,11,11,11,11,11,3,1,3,0,3,1
275,BT,10,10,10,10,10,10,10,0,3,0,3,0,3
276,BT,10,10,10,11,11,11,11,2,0,1,0,2,0
277,BT,11,11,11,11,11,11,11,3,2,3,1,3,2
278,BT,10,10,10,10,10,10,10,0,3,1,3,0,3
279,BT,10,10,10,11,11,11,11,2,0,0,1,2,0
280,BT,11,11,11,11,11,11,11,3,2,3,0,3,2
281,BT,10,10,10,10,10,10,10,0,3,1,3,0,3
282,BT,10,10,10,10,11,11,11,2,0,1,1,2,0
283,BT,11,11,11,11,11,11,11,3,2,3,1,3,2
284,BT,10,10,10,10,10,10,10,0,3,0,3,0,3
285,BT,10,10,10,10,10,11,11,2,0,0,0,2,0
286,BT,11,11,11,11,11,11,11,3,2,3,0,3,2
287,BT,10,10,10,10,10,10,10,0,3,1,3,0,3
288,BT,10,10,10,10,10,10,10,2,0,0,1,2,0
289,BT,11,11,11,11,11,11,11,3,2,2,0,3,2
290,BT,10,10,10,10,10,10,10,0,3,2,2,0,3
291,BT,10,10,10,10,10,11,10,2,0,1,2,2,0
292,BT,11,11,11,11,11,11,11,2,2,2,1,2,2
293,BT,11,11,11,11,10,10,10,1,2,3,2,1,2
294,BT,10,10,10,10,10,10,10,2,1,0,3,2,1
295,BT,10,10,11,10,10,10,11,2,2,1,0,1,2
296,BT,11,11,11,11,11,11,11,2,2,3,1,2,1
297,BT,10,10,10,10,10,10,10,1,2,0,3,1,2
298,BT,10,10,10,11,11,11,11,2,1,2,0,2,1
299,BT,11,11,11,11,11,11,11,3,2,3,2,3,2
300,BT,10,10,10,10,10,10,10,0,3,0,3,0,3
301,BT,10,10,10,10,10,10,10,1,0,0,0,1,0
302,BT,11,11,11,11,11,11,11,3,1,3,0,3,1
303,BT,10,10,10,10,10,10,10,0,3,0,3,0,3
304,BT,10,10,10,10,10,10,10,1,0,1,0,1,0
305,BT,11,11,11,11,11,11,11,3,1,3,1,3,1
306,BT,11,10,10,10,10,10,10,0,3,0,3,0,3
307,BT,10,10,10,10,10,10,10,1,0,1,0,1,0
308,BT,11,11,11,11,11,11,11,3,1,3,1,3,1
309,BT,10,10,10,10,10,10,10,0,3,0,3,0,3
310,BT,10,10,10,10,10,10,10,1,0,0,0,1,0
311,BT,11,11,11,11,11,11,11,3,1,3,0,3,1
312,BT,10,10,10,10,10,10,10,0,3,0,3,0,3
313,BT,10,10,10,10,10,10,10,1,0,1,0,1,0
314,BT,11,11,11,11,11,11,11,3,1,3,1,3,1
315,BT,10,10,10,10,10,10,10,0,3,2,3,0,3
316,BT,10,10,10,10,10,11,11,1,0,1,2,1,0
317,BT,11,11,11,11,11,11,11,3,1,3,1,3,1
318,BT,10,10,10,10,10,10,10,0,3,0,3,0,3
319,BT,10,10,10,10,10,11,11,1,0,1,0,1,0
320,BT,11,11,11,11,11,11,11,3,1,3,1,3,1
321,BT,10,10,10,10,10,10,10,0,3,0,3,0,3
322,BT,10,10,10,10,11,11,11,2,0,0,0,2,0
323,BT,11,11,11,11,11,11,11,3,2,3,0,3,2
324,BT,10,10,10,10,10,10,10,0,3,0,3,0,3
325,BT,10,10,10,11,11,11,11,2,0,0,0,2,0
326,BT,11,11,11,11,11,11,11,3,2,3,0,3,2
327,BT,10,10,10,10,10,10,10,0,3,0,3,0,3
328,BT,10,10,10,11,11,11,11,2,0,1,0,2,0
329,BT,11,11,11,11,11,11,11,3,2,3,1,3,2
330,BT,10,10,10,10,10,10,10,0,3,1,3,0,3
331,BT,10,10,10,10,10,11,11,2,0,0,1,2,0
332,BT,11,11,11,11,11,11,11,3,2,3,0,3,2
333,BT,10,10,10,10,10,10,10,0,3,1,3,0,3
334,BT,10,10,10,10,10,11,11,2,0,1,1,2,0
335,BT,11,11,11,11,11,11,11,3,2,3,1,3,2
336,BT,10,10,10,10,10,10,10,0,3,0,3,0,3
337,BT,10,10,10,10,10,11,10,2,0,1,0,2,0
338,BT,11,11,11,11,11,11,11,3,2,3,1,3,2
339,BT,10,10,10,10,10,10,10,0,3,2,3,0,3
340,BT,10,10,10,10,10,11,10,2,0,0,2,2,0
341,BT,11,11,11,11,11,11,11,2,2,2,0,2,2
342,BT,11,11,11,10,10,10,10,0,2,3,2,1,2
343,BT,10,10,10,10,10,10,10,2,0,0,3,1,1
344,BT,10,11,11,10,10,10,11,2,2,1,0,2,1
345,BT,11,11,11,11,11,11,11,2,2,3,1,2,2
346,BT,10,10,10,10,10,10,10,1,2,0,3,1,2
347,BT,10,11,11,11,11,11,11,2,1,1,0,2,1
348,BT,11,11,11,11,11,11,11,3,2,3,1,3,2
349,BT,10,10,10,10,10,10,10,0,3,0,3,0,3
350,BT,10,10,10,10,10,10,11,2,0,1,0,1,0
351,BT,11,11,11,11,11,11,11,3,2,3,1,3,1
352,BT,10,10,10,10,10,10,10,0,3,0,3,0,3
353,BT,10,10,10,10,10,10,10,1,0,0,0,1,0
354,BT,11,11,11,11,11,11,11,3,1,3,0,3,1
355,BT,10,10,10,10,10,10,10,0,3,0,3,0,3
356,BT,10,10,10,10,10,10,10,1,0,1,0,1,0
357,BT,11,11,11,11,11,11,11,3,1,3,1,3,1
358,BT,10,10,10,10,10,10,10,0,3,0,3,0,3
359,BT,10,10,10,10,10,10,10,1,0,1,0,1,0
360,BT,11,11,11,11,11,11,11,3,1,3,1,3,1
361,BT,10,10,10,10,10,10,10,0,3,0,3,0,3
362,BT,10,10,10,10,10,10,10,1,0,1,0,1,0
363,BT,11,11,11,11,11,11,11,3,1,3,1,3,1
364,BT,10,10,10,10,10,10,10,0,3,1,3,0,3
365,BT,10,10,10,10,10,10,10,1,0,0,1,1,0
366,BT,11,11,11,11,11,11,11,3,1,3,0,3,1
367,BT,10,10,10,10,10,10,10,0,3,1,3,0,3
368,BT,10,10,10,10,11,11,11,2,0,0,1,2,0
369,BT,11,11,11,11,11,11,11,3,2,3,0,3,2
370,BT,10,10,10,10,10,10,10,0,3,1,3,0,3
371,BT,10,10,10,10,10,11,11,2,0,1,1,2,0
372,BT,11,11,11,11,11,11,11,3,2,3,1,3,2
373,BT,10,10,10,10,10,10,10,0,3,1,3,0,3
374,BT,10,11,11,11,11,11,11,2,0,1,1,2,0
375,BT,11,11,11,11,11,11,11,3,2,3,1,3,2
376,BT,10,10,10,10,10,10,10,0,3,1,3,0,3
377,BT,10,10,10,10,11,11,11,2,0,1,1,2,0
378,BT,11,11,11,11,11,11,11,3,2,1,1,3,2
379,BT,10,10,10,10,10,10,10,0,3,0,1,0,3
380,BT,10,10,10,10,11,11,11,2,0,3,0,2,0
381,BT,11,11,11,11,11,11,11,3,2,1,3,2,2
382,BT,10,10,10,10,10,10,10,0,3,0,1,0,2
383,BT,10,10,10,10,11,11,11,2,0,2,0,2,0
384,BT,11,11,11,11,11,11,11,3,2,3,2,3,2
385,BT,10,10,10,10,10,10,10,0,3,0,3,0,3
386,BT,10,10,10,10,10,11,11,2,0,0,0,2,0
387,BT,11,11,11,11,11,11,11,3,2,3,0,3,2
388,BT,10,10,10,10,10,10,10,0,3,1,3,0,3
389,BT,10,10,10,10,10,10,10,2,0,1,1,2,0
390,BT,11,11,11,11,11,11,11,3,2,3,1,3,2
391,BT,10,10,10,10,10,10,10,0,3,2,3,0,3
392,BT,10,10,10,10,10,10,10,2,0,1,2,1,0
393,BT,11,11,11,11,11,11,11,2,2,1,1,2,1
394,BT,11,10,10,10,10,10,10,0,2,3,1,0,2
395,BT,10,10,10,10,10,11,10,2,0,0,3,2,0
396,BT,11,11,11,11,11,11,11,2,2,1,0,1,2
397,BT,11,11,11,11,11,11,11,2,2,3,1,2,1
398,BT,10,10,10,10,10,10,10,1,2,0,3,1,2
399,BT,11,10,10,10,10,10,10,1,1,0,0,1,1
400,BT,11,11,11,11,11,11,11,3,1,3,0,3,1
401,BT,10,10,10,10,10,10,10,0,3,0,3,0,3
402,BT,10,10,10,10,10,10,10,1,0,1,0,1,0
403,BT,11,11,11,11,11,11,11,3,1,3,1,3,1
404,BT,10,10,10,10,10,10,10,0,3,0,3,0,3
405,BT,10,10,10,10,10,10,10,2,0,1,0,1,0
406,BT,11,11,11,11,11,11,11,3,2,3,1,3,1
407,BT,10,10,10,10,10,10,10,0,3,0,3,0,3
408,BT,10,10,10,10,10,10,10,1,0,1,0,1,0
409,BT,11,11,11,11,11,11,11,3,1,3,1,3,1
410,BT,10,10,10,10,10,10,10,1,3,0,3,1,3
411,BT,10,10,10,10,10,10,10,1,1,0,0,1,1
412,BT,11,11,11,11,11,11,11,3,1,3,0,3,1
413,BT,10,10,10,10,10,10,10,0,3,0,3,0,3
414,BT,10,10,10,10,10,10,10,1,0,1,0,1,0
415,BT,11,11,11,11,11,11,11,3,1,3,1,3,1
416,BT,10,10,10,10,10,10,10,0,3,1,3,0,3
417,BT,10,10,10,10,10,10,10,1,0,0,1,1,0
418,BT,11,11,11,11,11,11,11,3,1,3,0,3,1
419,BT,10,10,10,10,10,10,10,0,3,0,3,0,3
420,BT,10,10,10,10,10,11,11,2,0,2,0,2,0
421,BT,11,11,11,11,11,11,11,3,2,3,2,3,2
422,BT,10,10,10,10,10,10,10,0,3,0,3,0,3
423,BT,10,10,10,10,10,11,11,2,0,1,0,2,0
424,BT,11,11,11,11,11,11,11,3,2,3,1,3,2
425,BT,10,10,10,10,10,10,10,0,3,0,3,0,3
426,BT,10,10,10,10,11,11,11,2,0,1,0,2,0
427,BT,11,11,11,11,11,11,11,3,2,3,1,3,2
428,BT,10,10,10,10,10,10,10,0,3,0,3,0,3
429,BT,10,10,10,10,11,11,11,2,0,1,0,2,0
430,BT,11,11,11,11,11,11,11,3,2,2,1,3,2
431,BT,10,10,10,10,10,10,10,0,3,1,2,0,3
432,BT,10,10,11,11,11,11,11,2,0,0,1,2,0
433,BT,11,11,11,11,11,11,11,3,2,3,0,3,2
434,BT,10,10,10,10,10,10,10,0,3,0,3,0,3
435,BT,10,10,10,10,11,11,11,2,0,2,0,2,0
436,BT,11,11,11,11,11,11,11,3,2,3,2,3,2
437,BT,10,10,10,10,10,10,10,0,3,1,3,0,3
438,BT,10,10,10,11,11,11,11,2,0,2,1,2,0
439,BT,11,11,11,11,11,11,11,2,2,2,2,2,2
440,BT,10,10,10,10,10,10,10,0,2,1,2,0,2
441,BT,10,10,10,10,11,11,11,2,0,1,1,2,0
442,BT,11,11,11,11,11,11,11,3,2,3,1,3,2
443,BT,10,10,10,10,10,10,10,0,3,0,3,0,3
444,BT,10,10,10,10,10,11,11,2,0,1,0,2,0
445,BT,11,11,11,11,11,11,11,3,2,3,1,3,2
446,BT,10,10,10,10,10,10,10,0,3,1,3,0,3
447,BT,10,10,10,10,10,11,10,2,0,0,1,2,0
448,BT,11,11,11,11,11,11,11,3,2,3,0,3,2
449,BT,10,10,10,10,10,10,10,0,3,0,3,0,3
450,BT,10,10,10,10,10,11,10,2,0,2,0,2,0
451,BT,11,11,11,11,11,11,11,2,2,2,2,2,2
452,BT,10,10,10,10,10,10,10,0,2,2,2,0,2
453,BT,10,10,10,10,10,10,10,2,0,0,2,2,0
454,BT,10,11,11,10,10,10,11,2,2,1,0,2,2
455,BT,11,11,11,11,11,11,11,1,2,2,1,1,2
456,BT,10,10,10,10,10,10,10,2,1,1,2,2,1
457,BT,11,11,11,11,11,11,11,2,2,0,1,2,2
458,BT,11,11,11,11,11,11,11,2,2,3,0,3,2
459,BT,10,10,10,10,10,10,10,1,2,0,3,1,3
460,BT,10,10,10,10,10,10,10,2,1,0,0,1,1
461,BT,11,11,11,11,11,11,11,3,2,3,0,3,1
462,BT,10,10,10,10,10,10,10,0,3,0,3,0,3
463,BT,10,10,10,10,10,10,10,1,0,1,0,1,0
464,BT,11,11,11,11,11,11,11,3,1,3,1,3,1
465,BT,10,10,10,10,10,10,10,0,3,0,3,0,3
466,BT,10,10,10,10,10,10,10,1,0,1,0,1,0
467,BT,11,11,11,11,11,11,11,3,1,3,1,3,1
468,BT,10,10,10,10,10,10,10,0,3,0,3,0,3
469,BT,10,10,10,10,10,10,10,1,0,1,0,1,0
470,BT,11,11,11,11,11,11,11,3,1,3,1,3,1
471,BT,11,10,10,10,10,10,10,1,3,0,3,1,3
472,BT,10,10,10,10,10,10,10,1,1,0,0,1,1
473,BT,11,11,11,11,11,11,11,3,1,3,0,3,1
474,BT,10,10,10,10,10,10,10,0,3,1,3,0,3
475,BT,10,10,10,10,10,10,10,1,0,0,1,1,0
476,BT,11,11,11,11,11,11,11,3,1,3,0,3,1
477,BT,10,10,10,10,10,10,10,1,3,0,3,1,3
478,BT,10,10,10,10,10,10,10,1,1,0,0,1,1
479,BT,11,11,11,11,11,11,11,3,1,3,0,3,1
480,BT,10,10,10,10,10,10,10,0,3,0,3,0,3
481,BT,10,10,10,10,10,10,10,1,0,0,0,1,0
482,BT,11,11,11,11,11,11,11,3,1,3,0,3,1
483,BT,10,10,10,10,10,10,10,0,3,0,3,0,3
484,BT,10,10,10,10,10,10,10,1,0,1,0,1,0
485,BT,11,11,11,11,11,11,11,3,1,3,1,3,1
486,BT,10,10,10,10,10,10,10,0,3,0,3,0,3
487,BT,10,10,10,10,10,11,11,2,0,2,0,2,0
488,BT,11,11,11,11,11,11,11,3,2,2,2,3,2
489,BT,10,10,10,10,10,10,10,0,3,1,2,0,3
490,BT,10,10,10,10,10,11,11,2,0,1,1,2,0
491,BT,11,11,11,11,11,11,11,3,2,3,1,3,2
492,BT,10,10,10,10,10,10,10,0,3,0,3,0,3
493,BT,10,10,10,11,11,11,11,2,0,0,0,2,0
494,BT,11,11,11,11,11,11,11,3,2,3,0,3,2
495,BT,10,10,10,10,10,10,10,0,3,0,3,0,3
496,BT,10,10,10,10,11,11,11,2,0,1,0,2,0
497,BT,11,11,11,11,11,11,11,2,2,2,1,2,2
498,BT,10,10,10,10,10,10,10,0,2,2,2,0,2
499,BT,10,10,10,10,10,11,11,2,0,2,2,2,0
500,BT,11,11,11,11,11,11,11,2,2,2,2,2,2
501,BT,10,10,10,10,10,10,10,0,2,2,2,1,2
502,BT,10,10,10,10,10,10,10,1,0,0,2,1,1
503,BT,11,11,11,11,11,11,11,3,1,3,0,3,1
504,BT,10,10,10,10,10,10,10,0,3,2,3,0,3
505,BT,10,10,10,10,10,11,10,2,0,1,2,2,0
506,BT,11,11,11,11,11,11,11,2,2,3,1,2,2
507,BT,11,11,11,11,11,11,11,1,2,2,3,1,2
508,BT,10,10,10,10,10,10,10,2,1,0,2,2,1
509,BT,10,10,10,10,10,10,10,1,2,2,0,1,2
510,BT,11,11,11,11,11,11,11,2,1,3,2,3,1
511,BT,10,10,10,10,10,10,10,1,2,0,3,0,3
512,BT,10,10,10,11,11,11,11,2,1,0,0,2,0
513,BT,11,11,11,11,11,11,11,3,2,3,0,3,2
514,BT,10,10,10,10,10,10,10,0,3,0,3,0,3
515,BT,10,10,10,10,10,11,11,2,0,1,0,2,0
516,BT,11,11,11,11,11,11,11,3,2,3,1,3,2
517,BT,10,10,10,10,10,10,10,0,3,0,3,0,3
518,BT,10,10,10,10,10,11,11,2,0,1,0,2,0
519,BT,11,11,11,11,11,11,11,3,2,3,1,3,2
520,BT,10,10,10,10,10,10,10,0,3,0,3,0,3
521,BT,10,10,10,10,10,11,11,1,0,1,0,1,0
522,BT,11,11,11,11,11,11,11,3,1,3,1,3,1
523,BT,10,10,10,10,10,10,10,0,3,0,3,0,3
524,BT,10,10,10,10,10,11,11,2,0,2,0,2,0
525,BT,11,11,11,11,11,11,11,3,2,1,2,3,2
526,BT,10,10,10,10,10,10,10,0,3,1,1,0,3
527,BT,10,10,10,10,11,11,11,2,0,1,1,2,0
528,BT,11,11,11,11,11,11,11,3,2,3,1,3,2
529,BT,10,10,10,10,10,10,10,0,3,0,3,0,3
530,BT,10,10,10,10,10,11,11,2,0,1,0,2,0
531,BT,11,11,11,11,11,11,11,3,2,3,1,3,2
532,BT,10,10,10,10,10,10,10,0,3,0,3,0,3
533,BT,10,10,10,10,10,11,11,2,0,0,0,2,0
534,BT,11,11,11,11,11,11,11,3,2,3,0,3,2
535,BT,10,10,10,10,10,10,10,0,3,1,3,0,3
536,BT,10,10,10,10,10,10,10,1,0,0,1,1,0
537,BT,11,11,11,11,11,11,11,3,1,3,0,3,1
538,BT,11,10,10,10,10,10,10,0,3,1,3,0,3
539,BT,10,10,10,10,10,10,10,2,0,0,1,2,0
540,BT,11,11,11,11,11,11,11,2,2,1,0,2,2
541,BT,11,11,11,11,11,11,11,1,2,2,1,1,2
542,BT,10,10,10,10,10,10,10,1,1,0,2,1,1
543,BT,11,11,11,11,11,11,11,2,1,3,0,2,1
544,BT,11,11,11,11,11,11,11,3,2,3,3,3,2
545,BT,10,10,10,10,10,10,10,0,3,0,3,0,3
546,BT,10,10,10,10,10,10,11,2,0,0,0,1,0
547,BT,11,11,11,11,11,11,11,3,2,3,0,3,1
548,BT,10,10,10,10,10,10,10,0,3,0,3,0,3
549,BT,10,10,10,10,10,10,11,1,0,1,0,1,0
550,BT,11,11,11,11,11,11,11,3,1,3,1,3,1
551,BT,10,10,10,10,10,10,10,0,3,1,3,0,3
552,BT,10,10,10,10,10,10,10,1,0,0,1,1,0
553,BT,11,11,11,11,11,11,11,3,1,3,0,3,1
554,BT,10,10,10,10,10,10,10,0,3,1,3,0,3
555,BT,10,10,10,10,10,10,10,1,0,0,1,1,0
556,BT,11,11,11,11,11,11,11,3,1,3,0,3,1
557,BT,10,10,10,10,10,10,10,0,3,0,3,0,3
558,BT,10,10,11,11,11,11,11,2,0,3,0,2,0
559,BT,11,11,11,11,11,11,11,3,2,3,3,3,2
560,BT,10,10,10,10,10,10,10,0,3,0,3,0,3
561,BT,10,10,10,10,11,11,11,2,0,2,0,2,0
562,BT,11,11,11,11,11,11,11,3,2,3,2,3,2
563,BT,10,10,10,10,10,10,10,0,3,0,3,0,3
564,BT,10,10,10,10,10,10,11,1,0,1,0,1,0
565,BT,11,11,11,11,11,11,11,3,1,3,1,3,1
566,BT,11,10,10,10,10,10,10,0,3,1,3,0,3
567,BT,10,10,10,10,10,10,10,2,0,0,1,1,0
568,BT,10,11,11,11,11,11,11,2,2,1,0,2,1
569,BT,11,11,11,11,11,10,11,1,2,3,1,1,2
570,BT,10,10,10,10,10,10,10,2,1,0,3,2,1
571,BT,10,10,10,11,10,10,10,2,2,1,0,1,2
572,BT,11,11,11,11,11,11,11,3,2,3,1,3,1
573,BT,10,10,10,10,10,10,10,1,3,0,3,0,3
574,BT,10,10,10,10,10,10,10,1,1,1,0,1,0
575,BT,11,11,11,11,11,11,11,3,1,3,1,3,1
576,BT,10,10,10,10,10,10,10,0,3,0,3,0,3
577,BT,10,10,10,10,10,10,10,1,0,2,0,1,0
578,BT,11,11,11,11,11,11,11,3,1,3,2,3,1
579,BT,10,10,10,10,10,10,10,0,3,0,3,0,3
580,BT,10,10,10,10,10,10,10,2,0,1,0,2,0
581,BT,11,11,11,11,11,11,11,3,2,3,1,3,2
582,BT,10,10,10,10,10,10,10,0,3,0,3,0,3
583,BT,10,10,10,10,10,11,11,2,0,2,0,2,0
584,BT,11,11,11,11,11,11,11,3,2,3,2,3,2
585,BT,10,10,10,10,10,10,10,0,3,0,3,0,3
586,BT,10,10,10,10,10,10,11,1,0,0,0,1,0
587,BT,11,11,11,11,11,11,11,3,1,3,0,3,1
588,BT,10,10,10,10,10,10,10,0,3,0,3,0,3
589,BT,10,10,10,10,10,10,10,1,0,0,0,1,0
590,BT,11,11,11,11,11,11,11,3,1,3,0,3,1
591,BT,10,10,10,10,10,10,10,0,3,0,3,0,3
592,BT,10,10,10,10,10,10,10,1,0,0,0,1,0
593,BT,11,11,11,11,11,11,11,3,1,3,0,3,1
594,BT,10,10,10,10,10,10,10,0,3,1,3,0,3
595,BT,10,10,10,10,10,10,10,1,0,0,1,1,0
596,BT,11,11,11,11,11,11,11,3,1,3,0,3,1
597,BT,11,10,10,10,10,10,10,0,3,1,3,0,3
598,BT,10,10,10,10,10,11,11,2,0,1,1,2,0
599,BT,11,11,11,11,11,11,11,3,2,3,1,3,2
600,BT,10,10,10,10,10,10,10,0,3,1,3,0,3
601,BT,10,10,10,10,10,11,11,2,0,1,1,2,0
602,BT,11,11,11,11,11,11,11,3,2,3,1,3,2
603,BT,10,10,10,10,10,10,10,0,3,0,3,0,3
604,BT,10,10,10,10,10,11,11,2,0,2,0,2,0
605,BT,11,11,11,11,11,11,11,3,2,3,2,3,2
606,BT,10,10,10,10,10,10,10,0,3,0,3,0,3
607,BT,10,10,10,10,10,11,10,1,0,0,0,1,0
608,BT,11,11,11,11,11,11,11,3,1,3,0,3,1
609,BT,10,10,10,10,10,10,10,0,3,1,3,0,3
610,BT,10,10,10,10,10,10,10,2,0,0,1,1,0
611,BT,11,11,11,11,11,11,11,3,2,3,0,3,1
612,BT,11,10,10,10,10,10,10,0,3,2,3,0,3
613,BT,10,10,10,10,10,11,10,2,0,0,2,2,0
614,BT,11,10,10,10,10,10,10,1,2,2,0,2,2
615,BT,11,11,11,11,11,11,11,2,1,3,2,2,2
616,BT,10,10,10,10,10,10,10,1,2,0,3,1,2
617,BT,10,11,11,11,11,11,11,2,1,1,0,2,1
618,BT,11,11,11,11,11,11,11,3,2,3,1,3,2
619,BT,10,10,10,10,10,10,10,0,3,0,3,0,3
620,BT,10,10,10,10,10,10,10,2,0,0,0,1,0
621,BT,11,11,11,11,11,11,11,3,2,3,0,3,1
622,BT,10,10,10,10,10,10,10,0,3,0,3,0,3
623,BT,10,10,10,10,10,10,11,2,0,1,0,1,0
624,BT,11,11,11,11,11,11,11,3,2,3,1,3,1
625,BT,10,10,10,10,10,10,10,0,3,0,3,0,3
626,BT,10,10,10,10,10,10,10,2,0,2,0,2,0
627,BT,11,11,11,11,11,11,11,3,2,2,2,3,2
628,BT,10,10,10,10,10,10,10,0,3,1,2,0,3
629,BT,10,10,10,10,10,10,10,1,0,0,1,1,0
630,BT,11,11,11,11,11,11,11,3,1,3,0,3,1
631,BT,10,10,10,10,10,10,10,0,3,1,3,0,3
632,BT,10,10,10,10,11,11,11,2,0,1,1,2,0
633,BT,11,11,11,11,11,11,11,3,2,3,1,3,2
634,BT,10,10,10,10,10,10,10,0,3,1,3,0,3
635,BT,10,10,10,10,10,11,11,2,0,0,1,2,0
636,BT,11,11,11,11,11,11,11,3,2,3,0,3,2
637,BT,10,10,10,10,10,10,10,0,3,1,3,0,3
638,BT,10,10,10,10,10,10,10,2,0,0,1,1,0
639,BT,11,11,11,11,11,11,11,3,2,3,0,3,1
640,BT,10,10,10,10,10,10,10,0,3,3,3,1,3
641,BT,10,10,10,10,10,10,10,2,0,0,3,1,1
642,BT,10,10,10,10,10,10,10,2,2,2,0,2,1
643,BT,11,11,11,11,11,11,11,2,2,3,2,2,2
644,BT,10,10,10,10,10,10,10,1,2,0,3,1,2
645,BT,10,10,11,11,11,11,10,2,1,2,0,2,1
646,BT,11,11,11,11,11,11,11,3,2,3,2,3,2
647,BT,10,10,10,10,10,10,10,0,3,0,3,0,3
648,BT,10,10,10,10,10,10,10,2,0,1,0,1,0
649,BT,11,11,11,11,11,11,11,3,2,3,1,3,1
650,BT,10,10,10,10,10,10,10,0,3,0,3,0,3
651,BT,10,10,10,10,10,10,11,2,0,0,0,1,0
652,BT,11,11,11,11,11,11,11,3,2,3,0,3,1
653,BT,10,10,10,10,10,10,10,0,3,0,3,0,3
654,BT,10,10,10,10,10,10,10,1,0,1,0,1,0
655,BT,11,11,11,11,11,11,11,3,1,3,1,3,1
656,BT,10,10,10,10,10,10,10,0,3,0,3,0,3
657,BT,10,10,10,10,10,10,10,1,0,1,0,1,0
658,BT,11,11,11,11,11,11,11,3,1,3,1,3,1
659,BT,10,10,10,10,10,10,10,0,3,0,3,0,3
660,BT,10,10,10,10,10,11,11,2,0,1,0,2,0
661,BT,11,11,11,11,11,11,11,3,2,3,1,3,2
662,BT,10,10,10,10,10,10,10,0,3,1,3,0,3
663,BT,10,10,10,10,10,11,11,2,0,1,1,2,0
664,BT,11,11,11,11,11,11,11,3,2,3,1,3,2
665,BT,10,10,10,10,10,10,10,0,3,1,3,0,3
666,BT,10,10,10,10,10,10,10,2,0,0,1,2,0
667,BT,11,11,11,11,11,11,11,3,2,3,0,3,2
668,BT,10,10,10,10,10,10,10,0,3,2,3,0,3
669,BT,10,10,10,10,10,10,10,2,0,1,2,2,0
670,BT,11,10,10,11,10,11,10,2,2,2,1,1,2
671,BT,11,11,11,11,11,11,11,1,2,3,2,2,1
672,BT,10,10,10,10,10,10,10,2,1,1,3,2,2
673,BT,10,10,10,10,10,10,10,2,2,2,1,2,2
674,BT,11,11,11,11,11,11,11,3,2,3,2,3,2
675,BT,10,10,10,10,10,10,10,0,3,0,3,0,3
676,BT,10,10,10,10,10,10,10,2,0,2,0,2,0
677,BT,11,11,11,11,11,11,11,3,2,3,2,3,2
678,BT,10,10,10,10,10,10,10,0,3,0,3,0,3
679,BT,10,10,10,10,10,10,10,2,0,1,0,1,0
680,BT,11,11,11,11,11,11,11,3,2,3,1,3,1
681,BT,10,10,10,10,10,10,10,0,3,0,3,0,3
682,BT,10,10,10,10,10,10,10,2,0,1,0,2,0
683,BT,11,11,11,11,11,11,11,3,2,3,1,3,2
684,BT,10,10,10,10,10,10,10,0,3,0,3,0,3
685,BT,10,10,10,10,10,10,10,1,0,0,0,1,0
686,BT,11,11,11,11,11,11,11,3,1,3,0,3,1
687,BT,10,10,10,10,10,10,10,0,3,0,3,0,3
688,BT,10,10,10,10,10,10,10,1,0,1,0,1,0
689,BT,11,11,11,11,11,11,11,3,1,3,1,3,1
690,BT,10,10,10,10,10,10,10,0,3,0,3,0,3
691,BT,10,10,10,10,10,10,10,1,0,0,0,1,0
692,BT,11,11,11,11,11,11,11,3,1,3,0,3,1
693,BT,11,10,10,10,10,10,10,0,3,0,3,0,3
694,BT,10,10,10,10,10,10,10,1,0,1,0,1,0
695,BT,11,11,11,11,11,11,11,3,1,3,1,3,1
696,BT,11,10,10,10,10,10,10,0,3,0,3,0,3
697,BT,10,10,10,10,10,10,10,1,0,1,0,1,0
698,BT,11,11,11,11,11,11,11,3,1,3,1,3,1
699,BT,10,10,10,10,10,10,10,0,3,0,3,0,3
700,BT,10,10,10,10,10,10,10,1,0,0,0,1,0
701,BT,11,11,11,11,11,11,11,3,1,3,0,3,1
702,BT,10,10,10,10,10,10,10,0,3,0,3,0,3
703,BT,10,10,10,10,10,10,10,1,0,0,0,1,0
704,BT,11,11,11,11,11,11,11,3,1,3,0,3,1
705,BT,10,10,10,10,10,10,10,0,3,0,3,0,3
706,BT,10,10,10,10,10,10,10,1,0,0,0,1,0
707,BT,11,11,11,11,11,11,11,3,1,3,0,3,1
708,BT,10,10,10,10,10,10,10,0,3,0,3,0,3
709,BT,10,10,10,10,10,10,10,1,0,3,0,1,0
710,BT,11,11,11,11,11,11,11,3,1,3,3,3,1
711,BT,10,10,10,10,10,10,10,0,3,0,3,0,3
712,BT,10,10,10,10,10,10,10,1,0,0,0,1,0
713,BT,11,11,11,11,11,11,11,3,1,3,0,3,1
714,BT,10,10,10,10,10,10,10,0,3,0,3,0,3
715,BT,10,10,10,10,10,10,10,1,0,1,0,1,0
716,BT,11,11,11,11,11,11,11,3,1,3,1,3,1
717,BT,10,10,10,10,10,10,10,0,3,0,3,0,3
718,BT,10,10,10,10,10,11,11,2,0,1,0,2,0
719,BT,11,11,11,11,11,11,11,3,2,3,1,3,2
720,BT,10,10,10,10,10,10,10,0,3,0,3,0,3
721,BT,10,10,10,10,10,11,11,1,0,1,0,1,0
722,BT,11,11,11,11,11,11,11,3,1,3,1,3,1
723,BT,10,10,10,10,10,10,10,0,3,0,3,0,3
724,BT,10,10,10,10,11,11,11,2,0,0,0,2,0
725,BT,11,11,11,11,11,11,11,3,2,3,0,3,2
726,BT,10,10,10,10,10,10,10,0,3,1,3,0,3
727,BT,10,10,10,11,11,11,11,2,0,0,1,2,0
728,BT,11,11,11,11,11,11,11,3,2,3,0,3,2
729,BT,10,10,10,10,10,10,10,0,3,0,3,0,3
730,BT,10,10,10,10,10,11,11,2,0,1,0,2,0
731,BT,11,11,11,11,11,11,11,3,2,3,1,3,2
732,BT,10,10,10,10,10,10,10,0,3,1,3,0,3
733,BT,10,10,10,10,10,10,10,2,0,0,1,1,0
734,BT,11,11,11,11,11,11,11,3,2,2,0,3,1
735,BT,10,10,10,10,10,10,10,0,3,3,2,0,3
736,BT,10,10,10,10,10,10,10,2,0,0,3,2,0
737,BT,11,11,11,11,11,11,11,2,2,1,0,2,2
738,BT,11,11,11,11,11,11,11,1,2,3,1,2,2
739,BT,10,10,10,10,10,10,10,2,1,0,3,1,2
740,BT,11,11,11,10,10,10,10,1,2,1,0,1,1
741,BT,11,11,11,11,11,11,11,3,1,3,1,3,1
742,BT,10,10,10,10,10,10,10,0,3,0,3,0,3
743,BT,10,10,10,10,10,10,11,2,0,1,0,2,0
744,BT,11,11,11,11,11,11,11,3,2,3,1,3,2
745,BT,10,10,10,10,10,10,10,0,3,0,3,0,3
746,BT,10,10,10,10,10,10,10,1,0,1,0,1,0
747,BT,11,11,11,11,11,11,11,3,1,3,1,3,1
748,BT,10,10,10,10,10,10,10,0,3,1,3,0,3
749,BT,10,10,10,10,10,10,10,1,0,0,1,1,0
750,BT,11,11,11,11,11,11,11,3,1,3,0,3,1
751,BT,11,10,10,10,10,10,10,0,3,1,3,0,3
752,BT,10,10,10,10,10,11,10,2,0,1,1,2,0
753,BT,11,11,11,11,11,11,11,3,2,3,1,3,2
754,BT,10,10,10,10,10,10,10,0,3,0,3,0,3
755,BT,10,10,10,10,10,10,10,2,0,0,0,1,0
756,BT,11,11,11,11,11,11,11,3,2,2,0,3,1
757,BT,10,10,10,10,10,10,10,0,3,2,2,0,3
758,BT,10,10,10,10,10,10,10,2,0,0,2,2,0
759,BT,11,10,10,11,11,11,11,2,2,2,0,2,2
760,BT,11,11,11,11,11,11,11,1,2,3,2,2,2
761,BT,10,10,10,10,10,10,10,1,1,0,3,1,2
762,BT,11,11,11,11,11,11,11,2,1,0,0,2,1
763,BT,11,11,11,11,11,11,11,3,2,3,0,3,2
764,BT,10,10,10,10,10,10,10,0,3,0,3,0,3
765,BT,10,10,10,10,10,10,10,1,0,0,0,1,0
766,BT,11,11,11,11,11,11,11,3,1,3,0,3,1
767,BT,10,10,10,10,10,10,10,0,3,1,3,0,3
768,BT,10,10,10,10,10,10,10,0,0,0,1,0,0
769,BT,10,11,11,11,11,10,11,2,0,1,0,2,0
770,BT,11,11,11,11,11,11,11,2,2,1,1,2,2
771,BT,11,11,11,11,11,11,11,2,2,2,1,2,2
772,BT,11,11,11,11,11,11,11,3,2,3,2,3,2
773,BT,10,10,11,11,11,10,11,2,3,3,3,2,3
774,BT,10,10,10,10,10,10,10,0,2,0,3,0,2
775,BT,11,11,10,11,11,11,11,2,0,1,0,2,0
776,BT,11,11,11,11,11,11,11,3,2,3,1,3,2
777,BT,10,10,10,10,10,10,10,0,3,0,3,0,3
778,BT,10,11,11,11,11,11,11,2,0,0,0,1,0
779,BT,11,11,11,11,11,11,11,3,2,3,0,3,1
780,BT,10,10,10,10,10,10,10,1,3,0,3,0,3
781,BT,10,10,10,10,10,10,10,1,1,1,0,1,0
782,BT,11,11,11,11,11,11,11,1,1,3,1,2,1
783,BT,10,10,10,10,10,10,10,1,1,0,3,1,2
784,BT,10,10,10,11,11,10,10,2,1,1,0,2,1
785,BT,11,11,11,11,11,11,11,3,2,3,1,3,2
786,BT,10,10,10,10,10,10,10,0,3,0,3,0,3
787,BT,10,10,10,10,10,10,11,2,0,2,0,2,0
788,BT,11,11,11,11,11,11,11,3,2,3,2,3,2
789,BT,10,10,10,10,10,10,10,0,3,0,3,0,3
790,BT,10,10,10,10,10,10,10,2,0,2,0,2,0
791,BT,11,11,11,11,11,11,11,3,2,3,2,3,2
792,BT,10,10,10,10,10,10,10,1,3,0,3,0,3
793,BT,10,10,10,10,10,10,10,1,1,2,0,1,0
794,BT,11,11,11,11,11,11,11,3,1,3,2,3,1
795,BT,10,10,10,10,10,10,10,0,3,0,3,0,3
796,BT,10,10,10,10,10,10,10,1,0,1,0,1,0
797,BT,11,11,11,11,11,11,11,3,1,3,1,3,1
798,BT,10,10,10,10,10,10,10,0,3,0,3,0,3
799,BT,10,10,10,10,10,10,10,1,0,0,0,1,0
800,BT,11,11,11,11,11,11,11,3,1,3,0,3,1
801,BT,11,10,10,10,10,10,10,0,3,0,3,0,3
802,BT,10,10,10,10,10,10,10,1,0,1,0,1,0
803,BT,11,11,11,11,11,11,11,3,1,3,1,3,1
804,BT,11,10,10,10,10,10,10,0,3,0,3,0,3
805,BT,10,10,10,10,10,10,10,1,0,0,0,1,0
806,BT,11,11,11,11,11,11,11,3,1,3,0,3,1
807,BT,10,10,10,10,10,10,10,0,3,0,3,0,3
808,BT,10,10,10,10,10,10,10,1,0,1,0,1,0
809,BT,11,11,11,11,11,11,11,3,1,3,1,3,1
810,BT,10,10,10,10,10,10,10,0,3,0,3,0,3
811,BT,10,10,10,10,10,10,10,1,0,2,0,1,0
812,BT,11,11,11,11,11,11,11,3,1,3,2,3,1
813,BT,10,10,10,10,10,10,10,0,3,0,3,0,3
814,BT,10,10,10,10,10,10,10,1,0,1,0,1,0
815,BT,11,11,11,11,11,11,11,3,1,2,1,3,1
816,BT,10,10,10,10,10,10,10,0,3,0,2,0,3
817,BT,10,10,10,10,10,11,11,2,0,1,0,2,0
818,BT,11,11,11,11,11,11,11,3,2,3,1,3,2
819,BT,10,10,10,10,10,10,10,0,3,0,3,0,3
820,BT,10,10,10,10,10,11,11,2,0,0,0,1,0
821,BT,11,11,11,11,11,11,11,3,2,3,0,3,1
822,BT,10,10,10,10,10,10,10,0,3,0,3,0,3
823,BT,10,10,10,10,11,11,11,2,0,2,0,2,0
824,BT,11,11,11,11,11,11,11,3,2,2,2,3,2
825,BT,10,10,10,10,10,10,10,0,3,0,2,0,3
826,BT,10,10,10,10,11,11,11,2,0,2,0,2,0
827,BT,11,11,11,11,11,11,11,3,2,3,2,3,2
828,BT,10,10,10,10,10,10,10,0,3,1,3,0,3
829,BT,10,10,10,11,11,11,11,2,0,1,1,2,0
830,BT,11,11,11,11,11,11,11,3,2,3,1,3,2
831,BT,10,10,10,10,10,10,10,0,3,1,3,0,3
832,BT,10,10,10,10,11,11,11,2,0,1,1,2,0
833,BT,11,11,11,11,11,11,11,3,2,3,1,3,2
834,BT,10,10,10,10,10,10,10,0,3,0,3,0,3
835,BT,10,10,10,10,10,11,11,2,0,0,0,2,0
836,BT,11,11,11,11,11,11,11,3,2,3,0,3,2
837,BT,10,10,10,10,10,10,10,0,3,0,3,0,3
838,BT,10,10,10,10,10,11,11,2,0,1,0,2,0
839,BT,11,11,11,11,11,11,11,3,2,3,1,3,2
840,BT,10,10,10,10,10,10,10,0,3,1,3,0,3
841,BT,10,10,10,11,11,11,11,2,0,1,1,2,0
842,BT,11,11,11,11,11,11,11,3,2,3,1,3,2
843,BT,10,10,10,10,10,10,10,0,3,0,3,0,3
844,BT,10,10,10,10,11,11,11,2,0,1,0,2,0
845,BT,11,11,11,11,11,11,11,3,2,3,1,3,2
846,BT,10,10,10,10,10,10,10,0,3,0,3,0,3
847,BT,10,10,10,11,11,11,11,2,0,2,0,2,0
848,BT,11,11,11,11,11,11,11,3,2,3,2,3,2
849,BT,10,10,10,10,10,10,10,0,3,0,3,0,3
850,BT,10,10,10,10,11,11,11,2,0,1,0,2,0
851,BT,11,11,11,11,11,11,11,3,2,3,1,3,2
852,BT,10,10,10,10,10,10,10,0,3,0,3,0,3
853,BT,10,10,10,10,11,11,11,2,0,1,0,2,0
854,BT,11,11,11,11,11,11,11,3,2,3,1,3,2
855,BT,10,10,10,10,10,10,10,0,3,0,3,0,3
856,BT,10,10,10,10,11,11,11,2,0,1,0,2,0
857,BT,11,11,11,11,11,11,11,3,2,3,1,3,2
858,BT,10,10,10,10,10,10,10,0,3,0,3,0,3
859,BT,10,10,10,10,10,11,11,2,0,1,0,2,0
860,BT,11,11,11,11,11,11,11,3,2,3,1,3,2
861,BT,10,10,10,10,10,10,10,0,3,0,3,0,3
862,BT,10,10,10,11,11,11,11,2,0,1,0,2,0
863,BT,11,11,11,11,11,11,11,3,2,3,1,3,2
864,BT,10,10,10,10,10,10,10,0,3,0,3,0,3
865,BT,10,10,10,11,11,11,11,2,0,2,0,2,0
866,BT,11,11,11,11,11,11,11,3,2,3,2,3,2
867,BT,10,10,10,10,10,10,10,0,3,0,3,0,3
868,BT,10,10,10,10,11,11,11,2,0,2,0,2,0
869,BT,11,11,11,11,11,11,11,3,2,3,2,3,2
870,BT,10,10,10,10,10,10,10,0,3,0,3,0,3
871,BT,10,10,10,10,11,11,11,2,0,1,0,2,0
872,BT,11,11,11,11,11,11,11,3,2,3,1,3,2
873,BT,10,10,10,10,10,10,10,0,3,0,3,0,3
874,BT,10,10,10,11,11,11,11,2,0,1,0,2,0
875,BT,11,11,11,11,11,11,11,3,2,3,1,3,2
876,BT,10,10,10,10,10,10,10,0,3,0,3,0,3
877,BT,10,10,10,11,11,11,11,2,0,0,0,2,0
878,BT,11,11,11,11,11,11,11,3,2,3,0,3,2
879,BT,10,10,10,10,10,10,10,0,3,1,3,0,3
880,BT,10,10,11,11,11,11,11,2,0,2,1,2,0
881,BT,11,11,11,11,11,11,11,3,2,3,2,3,2
882,BT,10,10,10,10,10,10,10,0,3,0,3,0,3
883,BT,10,10,10,10,11,11,11,2,0,2,0,2,0
884,BT,11,11,11,11,11,11,11,3,2,3,2,3,2
885,BT,10,10,10,10,10,10,10,0,3,0,3,0,3
886,BT,10,10,10,10,11,11,11,2,0,1,0,2,0
887,BT,11,11,11,11,11,11,11,3,2,3,1,3,2
888,BT,10,10,10,10,10,10,10,0,3,1,3,0,3
889,BT,10,10,10,10,11,11,11,2,0,1,1,2,0
890,BT,11,11,11,11,11,11,11,3,2,3,1,3,2
891,BT,10,10,10,10,10,10,10,0,3,1,3,0,3
892,BT,10,10,10,10,11,11,11,2,0,0,1,2,0
893,BT,11,11,11,11,11,11,11,3,2,3,0,3,2
894,BT,10,10,10,10,10,10,10,0,3,0,3,0,3
895,BT,10,10,10,10,10,11,11,2,0,0,0,2,0
896,BT,11,11,11,11,11,11,11,3,2,3,0,3,2
897,BT,10,10,10,10,10,10,10,0,3,0,3,0,3
898,BT,10,10,10,10,10,11,11,2,0,1,0,2,0
899,BT,11,11,11,11,11,11,11,3,2,3,1,3,2
900,BT,10,10,10,10,10,10,10,0,3,0,3,0,3
901,BT,10,10,10,10,10,11,11,2,0,2,0,2,0
902,BT,11,11,11,11,11,11,11,3,2,3,2,3,2
903,BT,10,10,10,10,10,10,10,0,3,0,3,0,3
904,BT,10,10,10,11,11,11,11,2,0,1,0,2,0
905,BT,11,11,11,11,11,11,11,3,2,3,1,3,2
906,BT,10,10,10,10,10,10,10,0,3,0,3,0,3
907,BT,10,10,10,11,11,11,11,2,0,2,0,2,0
908,BT,11,11,11,11,11,11,11,3,2,3,2,3,2
909,BT,10,10,10,10,10,10,10,0,3,1,3,0,3
910,BT,10,10,10,11,11,11,11,2,0,1,1,2,0
911,BT,11,11,11,11,11,11,11,3,2,3,1,3,2
912,BT,10,10,10,10,10,10,10,0,3,0,3,0,3
913,BT,10,10,10,11,11,11,11,2,0,2,0,2,0
914,BT,11,11,11,11,11,11,11,3,2,3,2,3,2
915,BT,10,10,10,10,10,10,10,0,3,0,3,0,3
916,BT,10,10,10,11,11,11,11,2,0,3,0,2,0
917,BT,11,11,11,11,11,11,11,3,2,3,3,3,2
918,BT,10,10,10,10,10,10,10,0,3,0,3,0,3
919,BT,10,10,10,10,10,10,11,1,0,0,0,1,0
920,BT,11,11,11,11,11,11,11,3,1,3,0,3,1
921,BT,11,10,10,10,10,10,10,0,3,1,3,0,3
922,BT,10,10,10,10,10,10,10,2,0,0,1,1,0
923,BT,11,11,11,11,11,11,11,2,2,3,0,2,1
924,BT,11,11,11,11,10,10,10,0,2,2,3,1,2
925,BT,10,10,10,10,10,10,10,2,0,1,2,2,1
926,BT,10,10,10,10,10,10,11,2,2,1,1,1,2
927,BT,11,11,11,11,11,11,11,2,2,3,1,2,1
928,BT,10,10,10,10,10,10,10,1,2,0,3,1,2
929,BT,10,11,11,11,11,11,11,2,1,3,0,2,1
930,BT,11,11,11,11,11,11,11,3,2,3,3,3,2
931,BT,10,10,10,10,10,10,10,0,3,0,3,0,3
932,BT,10,10,10,10,10,10,11,2,0,1,0,2,0
933,BT,11,11,11,11,11,11,11,3,2,3,1,3,2
934,BT,10,10,10,10,10,10,10,0,3,0,3,0,3
935,BT,10,10,10,10,10,10,10,2,0,1,0,2,0
936,BT,11,11,11,11,11,11,11,3,2,3,1,3,2
937,BT,10,10,10,10,10,10,10,0,3,0,3,0,3
938,BT,10,10,10,10,10,10,10,1,0,0,0,1,0
939,BT,11,11,11,11,11,11,11,3,1,3,0,3,1
940,BT,10,10,10,10,10,10,10,0,3,0,3,0,3
941,BT,10,10,10,10,10,10,10,1,0,0,0,1,0
942,BT,11,11,11,11,11,11,11,3,1,3,0,3,1
943,BT,10,10,10,10,10,10,10,0,3,0,3,0,3
944,BT,10,10,10,10,10,10,10,1,0,0,0,1,0
945,BT,11,11,11,11,11,11,11,3,1,3,0,3,1
946,BT,10,10,10,10,10,10,10,0,3,1,3,0,3
947,BT,10,10,10,10,10,10,10,1,0,0,1,1,0
948,BT,11,11,11,11,11,11,11,3,1,3,0,3,1
949,BT,10,10,10,10,10,10,10,0,3,1,3,0,3
950,BT,10,10,10,10,10,11,11,2,0,1,1,2,0
951,BT,11,11,11,11,11,11,11,3,2,3,1,3,2
952,BT,10,10,10,10,10,10,10,0,3,0,3,0,3
953,BT,10,10,10,10,10,11,11,2,0,1,0,2,0
954,BT,11,11,11,11,11,11,11,3,2,3,1,3,2
955,BT,10,10,10,10,10,10,10,0,3,0,3,0,3
956,BT,10,10,10,10,10,11,11,2,0,1,0,2,0
957,BT,11,11,11,11,11,11,11,3,2,3,1,3,2
958,BT,10,10,10,10,10,10,10,0,3,0,3,0,3
959,BT,10,10,10,10,10,10,10,2,0,1,0,2,0
960,BT,11,11,11,11,11,11,11,3,2,2,1,3,2
961,BT,11,10,10,10,10,10,10,0,3,1,2,0,3
962,BT,10,10,10,10,10,10,10,2,0,0,1,2,0
963,BT,11,11,11,11,11,11,11,2,2,3,0,2,2
964,BT,11,11,11,10,10,10,11,0,2,3,3,1,2
965,BT,10,10,10,10,10,10,10,2,0,0,3,2,1
966,BT,10,11,11,11,11,10,11,2,2,1,0,2,2
967,BT,11,11,11,11,11,11,11,2,2,3,1,3,2
968,BT,10,10,10,10,10,10,10,1,2,0,3,0,3
969,BT,10,10,10,11,11,11,11,2,1,1,0,2,0
970,BT,11,11,11,11,11,11,11,3,2,3,1,3,2
971,BT,10,10,10,10,10,10,10,0,3,0,3,0,3
972,BT,10,10,10,10,10,10,11,2,0,0,0,1,0
973,BT,11,11,11,11,11,11,11,3,2,3,0,3,1
974,BT,10,10,10,10,10,10,10,0,3,0,3,0,3
975,BT,10,10,10,10,10,10,11,2,0,1,0,2,0
976,BT,11,11,11,11,11,11,11,3,2,3,1,3,2
977,BT,10,10,10,10,10,10,10,0,3,0,3,0,3
978,BT,10,10,10,10,10,10,10,2,0,0,0,1,0
979,BT,11,11,11,11,11,11,11,3,2,3,0,3,1
980,BT,11,10,10,10,10,10,10,0,3,1,3,1,3
981,BT,10,10,10,10,10,10,10,1,0,0,1,1,1
982,BT,11,11,11,11,11,11,11,3,1,3,0,3,1
983,BT,10,10,10,10,10,10,10,0,3,0,3,0,3
984,BT,10,10,10,10,10,10,10,1,0,1,0,1,0
985,BT,11,11,11,11,11,11,11,3,1,3,1,3,1
986,BT,10,10,10,10,10,10,10,0,3,1,3,0,3
987,BT,10,10,10,10,10,10,10,1,0,0,1,1,0
988,BT,11,11,11,11,11,11,11,3,1,3,0,3,1
989,BT,10,10,10,10,10,10,10,0,3,0,3,0,3
990,BT,10,10,10,10,10,10,10,1,0,1,0,1,0
991,BT,11,11,11,11,11,11,11,3,1,3,1,3,1
992,BT,11,10,10,10,10,10,10,0,3,0,3,0,3
993,BT,10,10,10,10,10,10,10,1,0,0,0,1,0
994,BT,11,11,11,11,11,11,11,3,1,3,0,3,1
995,BT,10,10,10,10,10,10,10,0,3,0,3,0,3
996,BT,10,10,10,10,10,10,10,1,0,1,0,1,0
997,BT,11,11,11,11,11,11,11,3,1,3,1,3,1
998,BT,11,10,10,10,10,10,10,0,3,1,3,0,3
999,BT,10,10,10,10,10,10,10,1,0,1,1,1,0
1000,BT,11,11,11,11,11,11,11,3,1,3,1,3,1
1001,BT,10,10,10,10,10,10,10,0,3,0,3,0,3
1002,BT,10,10,10,10,10,10,10,1,0,0,0,1,0
1003,BT,11,11,11,11,11,11,11,3,1,3,0,3,1
1004,BT,10,10,10,10,10,10,10,0,3,0,3,0,3
1005,BT,10,10,10,10,10,10,10,1,0,0,0,1,0
1006,BT,11,11,11,11,11,11,11,3,1,3,0,3,1
1007,BT,10,10,10,10,10,10,10,0,3,2,3,1,3
1008,BT,10,10,10,10,10,10,10,1,0,0,2,1,1
1009,BT,11,11,11,11,11,11,11,3,1,3,0,3,1
1010,BT,10,10,10,10,10,10,10,0,3,0,3,0,3
1011,BT,10,10,10,10,10,10,10,1,0,1,0,1,0
1012,BT,11,11,11,11,11,11,11,3,1,3,1,3,1
1013,BT,10,10,10,10,10,10,10,0,3,0,3,0,3
1014,BT,10,10,10,10,10,10,10,1,0,0,0,1,0
1015,BT,11,11,11,11,11,11,11,3,1,3,0,3,1
1016,BT,10,10,10,10,10,10,10,0,3,0,3,0,3
1017,BT,10,10,10,10,10,10,10,1,0,0,0,1,0
1018,BT,11,11,11,11,11,11,11,3,1,3,0,3,1
1019,BT,10,10,10,10,10,10,10,0,3,0,3,0,3
1020,BT,10,10,10,10,10,10,10,1,0,1,0,1,0
1021,BT,11,11,11,11,11,11,11,3,1,3,1,3,1
1022,BT,10,10,10,10,10,10,10,0,3,0,3,0,3
1023,BT,10,10,10,10,10,10,10,1,0,1,0,1,0
1024,BT,11,11,11,11,11,11,11,3,1,3,1,3,1
1025,BT,10,10,10,10,10,10,10,0,3,0,3,0,3
1026,BT,10,10,10,10,10,10,10,1,0,0,0,1,0
1027,BT,11,11,11,11,11,11,11,3,1,3,0,3,1
1028,BT,10,10,10,10,10,10,10,0,3,0,3,0,3
1029,BT,10,10,10,10,10,10,10,1,0,1,0,1,0
1030,BT,11,11,11,11,11,11,11,3,1,3,1,3,1
1031,BT,10,10,10,10,10,10,10,0,3,0,3,0,3
1032,BT,10,10,10,10,10,10,10,1,0,0,0,1,0
1033,BT,11,11,11,11,11,11,11,3,1,3,0,3,1
1034,BT,10,10,10,10,10,10,10,0,3,0,3,0,3
1035,BT,10,10,10,10,10,10,10,1,0,0,0,1,0
1036,BT,11,11,11,11,11,11,11,3,1,3,0,3,1
1037,BT,10,10,10,10,10,10,10,0,3,0,3,0,3
1038,BT,10,10,10,10,10,11,11,2,0,1,0,2,0
1039,BT,11,11,11,11,11,11,11,3,2,3,1,3,2
1040,BT,10,10,10,10,10,10,10,0,3,0,3,0,3
1041,BT,10,10,10,10,10,11,11,2,0,1,0,2,0
1042,BT,11,11,11,11,11,11,11,3,2,3,1,3,2
1043,BT,10,10,10,10,10,10,10,0,3,0,3,0,3
1044,BT,10,10,10,10,10,11,11,2,0,1,0,2,0
1045,BT,11,11,11,11,11,11,11,3,2,3,1,3,2
1046,BT,10,10,10,10,10,10,10,0,3,0,3,0,3
1047,BT,10,10,10,10,11,11,11,2,0,1,0,2,0
1048,BT,11,11,11,11,11,11,11,3,2,3,1,3,2
1049,BT,10,10,10,10,10,10,10,0,3,0,3,0,3
1050,BT,10,10,10,10,11,11,11,2,0,2,0,2,0
1051,BT,11,11,11,11,11,11,11,3,2,3,2,3,2
1052,BT,10,10,10,10,10,10,10,0,3,0,3,0,3
1053,BT,10,10,10,10,11,11,11,2,0,2,0,2,0
1054,BT,11,11,11,11,11,11,11,3,2,1,2,3,2
1055,BT,10,10,10,10,10,10,10,0,3,1,1,0,3
1056,BT,10,10,10,11,11,11,11,2,0,1,1,2,0
1057,BT,11,11,11,11,11,11,11,3,2,3,1,3,2
1058,BT,10,10,10,10,10,10,10,0,3,0,3,0,3
1059,BT,10,10,10,10,10,11,11,2,0,1,0,2,0
1060,BT,11,11,11,11,11,11,11,3,2,3,1,3,2
1061,BT,11,10,10,10,10,10,10,0,3,0,3,0,3
1062,BT,10,10,10,10,10,11,11,2,0,1,0,2,0
1063,BT,11,11,11,11,11,11,11,3,2,3,1,3,2
1064,BT,10,10,10,10,10,10,10,0,3,1,3,0,3
1065,BT,10,10,10,10,11,11,11,2,0,0,1,2,0
1066,BT,11,11,11,11,11,11,11,3,2,3,0,3,2
1067,BT,10,10,10,10,10,10,10,0,3,0,3,0,3
1068,BT,10,10,10,10,11,11,11,2,0,1,0,2,0
1069,BT,11,11,11,11,11,11,11,3,2,3,1,3,2
1070,BT,10,10,10,10,10,10,10,0,3,1,3,0,3
1071,BT,10,10,10,11,11,11,11,2,0,1,1,2,0
1072,BT,11,11,11,11,11,11,11,2,2,3,1,3,2
1073,BT,10,10,10,10,10,10,10,0,2,0,3,0,3
1074,BT,10,10,10,10,11,11,11,2,0,1,0,2,0
1075,BT,11,11,11,11,11,11,11,3,2,3,1,3,2
1076,BT,10,10,10,10,10,10,10,0,3,0,3,0,3
1077,BT,10,10,10,10,11,11,11,2,0,1,0,2,0
1078,BT,11,11,11,11,11,11,11,3,2,3,1,3,2
1079,BT,10,10,10,10,10,10,10,0,3,0,3,0,3
1080,BT,10,10,10,10,11,11,11,2,0,2,0,2,0
1081,BT,11,11,11,11,11,11,11,3,2,3,2,3,2
1082,BT,10,10,10,10,10,10,10,0,3,1,3,0,3
1083,BT,10,10,10,10,11,11,11,2,0,1,1,2,0
1084,BT,11,11,11,11,11,11,11,3,2,3,1,3,2
1085,BT,10,10,10,10,10,10,10,0,3,0,3,0,3
1086,BT,10,10,10,11,11,11,11,2,0,1,0,2,0
1087,BT,11,11,11,11,11,11,11,3,2,3,1,3,2
1088,BT,10,10,10,10,10,10,10,0,3,1,3,0,3
1089,BT,10,10,10,11,11,11,11,2,0,2,1,2,0
1090,BT,11,11,11,11,11,11,11,3,2,1,2,3,2
1091,BT,10,10,10,10,10,10,10,0,3,1,1,0,3
1092,BT,10,10,10,10,11,11,11,2,0,1,1,2,0
1093,BT,11,11,11,11,11,11,11,3,2,3,1,3,2
1094,BT,10,10,10,10,10,10,10,0,3,0,3,0,3
1095,BT,10,10,10,10,10,11,11,2,0,1,0,2,0
1096,BT,11,11,11,11,11,11,11,3,2,3,1,3,2
1097,BT,10,10,10,10,10,10,10,0,3,1,3,0,3
1098,BT,10,10,10,10,10,11,11,2,0,1,1,2,0
1099,BT,11,11,11,11,11,11,11,3,2,3,1,3,2
1100,BT,10,10,10,10,10,10,10,0,3,0,3,0,3
1101,BT,10,10,10,10,11,11,11,2,0,0,0,2,0
1102,BT,11,11,11,11,11,11,11,3,2,3,0,3,2
1103,BT,10,10,10,10,10,10,10,0,3,0,3,0,3
1104,BT,10,10,10,11,11,11,11,2,0,1,0,2,0
1105,BT,11,11,11,11,11,11,11,3,2,3,1,3,2
1106,BT,10,10,10,10,10,10,10,0,3,0,3,0,3
1107,BT,10,10,10,10,10,11,11,2,0,0,0,2,0
1108,BT,11,11,11,11,11,11,11,3,2,3,0,3,2
1109,BT,10,10,10,10,10,10,10,0,3,0,3,0,3
1110,BT,10,10,10,10,11,11,11,2,0,1,0,2,0
1111,BT,11,11,11,11,11,11,11,3,2,3,1,3,2
1112,BT,10,10,10,10,10,10,10,0,3,1,3,0,3
1113,BT,10,10,10,10,11,11,11,2,0,1,1,2,0
1114,BT,11,11,11,11,11,11,11,3,2,3,1,3,2
1115,BT,10,10,10,10,10,10,10,0,3,0,3,0,3
1116,BT,10,10,10,10,11,11,11,2,0,2,0,2,0
1117,BT,11,11,11,11,11,11,11,3,2,3,2,3,2
1118,BT,10,10,10,10,10,10,10,0,3,0,3,0,3
1119,BT,10,10,10,11,11,11,11,2,0,0,0,2,0
1120,BT,11,11,11,11,11,11,11,3,2,3,0,3,2
1121,BT,10,10,10,10,10,10,10,0,3,1,3,0,3
1122,BT,10,10,10,11,11,11,11,2,0,1,1,2,0
1123,BT,11,11,11,11,11,11,11,3,2,3,1,3,2
1124,BT,10,10,10,10,10,10,10,0,3,0,3,0,3
1125,BT,10,10,10,10,11,11,11,2,0,3,0,2,0
1126,BT,11,11,11,11,11,11,11,3,2,3,3,3,2
1127,BT,10,10,10,10,10,10,10,0,3,1,3,0,3
1128,BT,10,10,10,10,10,11,11,2,0,0,1,2,0
1129,BT,11,11,11,11,11,11,11,3,2,3,0,3,2
1130,BT,10,10,10,10,10,10,10,0,3,1,3,0,3
1131,BT,10,10,10,10,11,11,11,2,0,1,1,2,0
1132,BT,11,11,11,11,11,11,11,3,2,3,1,3,2
1133,BT,10,10,10,10,10,10,10,0,3,0,3,0,3
1134,BT,10,10,10,10,11,11,11,2,0,1,0,2,0
1135,BT,11,11,11,11,11,11,11,3,2,3,1,3,2
1136,BT,10,10,10,10,10,10,10,0,3,0,3,0,3
1137,BT,10,10,10,11,11,11,11,2,0,2,0,2,0
1138,BT,11,11,11,11,11,11,11,3,2,3,2,3,2
1139,BT,10,10,10,10,10,10,10,0,3,1,3,0,3
1140,BT,10,10,10,10,11,11,11,2,0,1,1,2,0
1141,BT,11,11,11,11,11,11,11,3,2,3,1,3,2
1142,BT,10,10,10,10,10,10,10,0,3,0,3,0,3
1143,BT,10,10,10,10,11,11,11,2,0,0,0,2,0
1144,BT,11,11,11,11,11,11,11,3,2,3,0,3,2
1145,BT,10,10,10,10,10,10,10,0,3,0,3,0,3
1146,BT,10,10,10,10,11,11,11,2,0,1,0,2,0
1147,BT,11,11,11,11,11,11,11,3,2,3,1,3,2
1148,BT,10,10,10,10,10,10,10,0,3,0,3,0,3
1149,BT,10,10,10,10,11,11,11,2,0,1,0,2,0
1150,BT,11,11,11,11,11,11,11,3,2,3,1,3,2
1151,BT,10,10,10,10,10,10,10,0,3,0,3,0,3
1152,BT,10,10,10,10,11,11,11,2,0,1,0,2,0
1153,BT,11,11,11,11,11,11,11,3,2,3,1,3,2
1154,BT,10,10,10,10,10,10,10,0,3,1,3,0,3
1155,BT,10,10,10,10,11,11,11,2,0,1,1,2,0
1156,BT,11,11,11,11,11,11,11,3,2,3,1,3,2
1157,BT,10,10,10,10,10,10,10,0,3,0,3,0,3
1158,BT,10,10,10,10,10,11,11,2,0,1,0,2,0
1159,BT,11,11,11,11,11,11,11,3,2,3,1,3,2
1160,BT,10,10,10,10,10,10,10,0,3,0,3,0,3
1161,BT,10,10,10,10,10,11,11,2,0,1,0,2,0
1162,BT,11,11,11,11,11,11,11,3,2,3,1,3,2
1163,BT,10,10,10,10,10,10,10,0,3,0,3,0,3
1164,BT,10,10,10,10,10,11,11,2,0,2,0,2,0
1165,BT,11,11,11,11,11,11,11,3,2,3,2,3,2
1166,BT,10,10,10,10,10,10,10,0,3,0,3,0,3
1167,BT,10,10,10,10,11,11,11,2,0,2,0,2,0
1168,BT,11,11,11,11,11,11,11,3,2,3,2,3,2
1169,BT,10,10,10,10,10,10,10,0,3,0,3,0,3
1170,BT,10,10,10,11,11,11,11,2,0,2,0,2,0
1171,BT,11,11,11,11,11,11,11,3,2,3,2,3,2
1172,BT,10,10,10,10,10,10,10,0,3,0,3,0,3
1173,BT,10,10,10,11,11,11,11,2,0,0,0,2,0
1174,BT,11,11,11,11,11,11,11,3,2,3,0,3,2
1175,BT,10,10,10,10,10,10,10,0,3,0,3,0,3
1176,BT,10,10,10,11,11,11,11,2,0,2,0,2,0
1177,BT,11,11,11,11,11,11,11,3,2,3,2,3,2
1178,BT,10,10,10,10,10,10,10,0,3,0,3,0,3
1179,BT,10,10,10,11,11,11,11,2,0,2,0,2,0
1180,BT,11,11,11,11,11,11,11,3,2,2,2,3,2
1181,BT,10,10,10,10,10,10,10,0,3,0,2,0,3
1182,BT,10,10,10,10,11,11,11,2,0,1,0,2,0
1183,BT,11,11,11,11,11,11,11,3,2,3,1,3,2
1184,BT,10,10,10,10,10,10,10,0,3,0,3,0,3
1185,BT,10,10,10,11,11,11,11,2,0,1,0,2,0
1186,BT,11,11,11,11,11,11,11,3,2,3,1,3,2
1187,BT,10,10,10,10,10,10,10,0,3,0,3,0,3
1188,BT,10,10,10,10,10,11,11,2,0,0,0,2,0
1189,BT,11,11,11,11,11,11,11,3,2,3,0,3,2
1190,BT,10,10,10,10,10,10,10,0,3,1,3,0,3
1191,BT,10,10,10,10,10,11,11,2,0,1,1,2,0
1192,BT,11,11,11,11,11,11,11,3,2,3,1,3,2
1193,BT,10,10,10,10,10,10,10,0,3,0,3,0,3
1194,BT,10,10,10,10,10,10,10,1,0,0,0,1,0
1195,BT,11,11,11,11,11,11,11,3,1,3,0,3,1
1196,BT,10,10,10,10,10,10,10,0,3,0,3,0,3
1197,BT,10,10,10,10,10,10,10,1,0,1,0,1,0
1198,BT,11,11,11,11,11,11,11,3,1,3,1,3,1
1199,BT,10,10,10,10,10,10,10,0,3,0,3,0,3
1200,BT,10,10,10,10,10,11,11,2,0,1,0,1,0
1201,BT,11,11,11,11,11,11,11,3,2,3,1,3,1
1202,BT,10,10,10,10,10,10,10,0,3,0,3,0,3
1203,BT,10,10,10,10,11,11,11,2,0,1,0,2,0
1204,BT,11,11,11,11,11,11,11,3,2,3,1,3,2
1205,BT,10,10,10,10,10,10,10,0,3,1,3,0,3
1206,BT,10,10,10,10,10,11,11,2,0,1,1,2,0
1207,BT,11,11,11,11,11,11,11,3,2,3,1,3,2
1208,BT,10,10,10,10,10,10,10,0,3,0,3,0,3
1209,BT,10,10,10,10,10,11,11,2,0,0,0,1,0
1210,BT,11,11,11,11,11,11,11,3,2,3,0,3,1
1211,BT,10,10,10,10,10,10,10,0,3,0,3,0,3
1212,BT,10,10,10,10,10,11,11,2,0,1,0,2,0
1213,BT,11,11,11,11,11,11,11,3,2,3,1,3,2
1214,BT,10,10,10,10,10,10,10,0,3,0,3,0,3
1215,BT,10,10,10,10,10,11,11,2,0,0,0,1,0
1216,BT,11,11,11,11,11,11,11,3,2,3,0,3,1
1217,BT,10,10,10,10,10,10,10,0,3,0,3,0,3
1218,BT,10,10,10,10,11,11,11,2,0,1,0,2,0
1219,BT,11,11,11,11,11,11,11,3,2,3,1,3,2
1220,BT,10,10,10,10,10,10,10,0,3,0,3,0,3
1221,BT,10,10,10,10,11,11,11,2,0,1,0,2,0
1222,BT,11,11,11,11,11,11,11,3,2,3,1,3,2
1223,BT,10,10,10,10,10,10,10,0,3,0,3,0,3
1224,BT,10,10,10,10,11,11,11,2,0,1,0,2,0
1225,BT,11,11,11,11,11,11,11,3,2,3,1,3,2
1226,BT,10,10,10,10,10,10,10,0,3,0,3,0,3
1227,BT,10,10,10,10,10,11,11,2,0,2,0,2,0
1228,BT,11,11,11,11,11,11,11,3,2,2,2,3,2
1229,BT,10,10,10,10,10,10,10,0,3,0,2,0,3
1230,BT,10,10,10,10,10,11,11,2,0,1,0,2,0
1231,BT,11,11,11,11,11,11,11,3,2,3,1,3,2
1232,BT,10,10,10,10,10,10,10,0,3,0,3,0,3
1233,BT,10,10,10,10,10,11,11,1,0,0,0,1,0
1234,BT,11,11,11,11,11,11,11,3,1,3,0,3,1
1235,BT,10,10,10,10,10,10,10,0,3,1,3,0,3
1236,BT,10,10,10,10,11,11,11,2,0,2,1,2,0
1237,BT,11,11,11,11,11,11,11,3,2,3,2,3,2
1238,BT,10,10,10,10,10,10,10,0,3,0,3,0,3
1239,BT,10,10,10,11,11,11,11,2,0,1,0,2,0
1240,BT,11,11,11,11,11,11,11,3,2,3,1,3,2
1241,BT,10,10,10,10,10,10,10,0,3,0,3,0,3
1242,BT,10,10,10,10,10,11,11,2,0,1,0,2,0
1243,BT,11,11,11,11,11,11,11,3,2,3,1,3,2
1244,BT,10,10,10,10,10,10,10,0,3,1,3,0,3
1245,BT,10,10,10,10,11,11,11,2,0,0,1,2,0
1246,BT,11,11,11,11,11,11,11,3,2,3,0,3,2
1247,BT,10,10,10,10,10,10,10,0,3,0,3,0,3
1248,BT,10,10,10,10,11,11,11,2,0,1,0,2,0
1249,BT,11,11,11,11,11,11,11,3,2,2,1,3,2
1250,BT,10,10,10,10,10,10,10,0,3,1,2,0,3
1251,BT,10,10,10,10,10,11,11,2,0,1,1,2,0
1252,BT,11,11,11,11,11,11,11,3,2,3,1,3,2
1253,BT,10,10,10,10,10,10,10,0,3,1,3,0,3
1254,BT,10,10,10,10,11,11,11,2,0,0,1,2,0
1255,BT,11,11,11,11,11,11,11,3,2,3,0,3,2
1256,BT,10,10,10,10,10,10,10,0,3,0,3,0,3
1257,BT,10,10,10,10,11,11,11,2,0,1,0,2,0
1258,BT,11,11,11,11,11,11,11,3,2,3,1,3,2
1259,BT,10,10,10,10,10,10,10,0,3,0,3,0,3
1260,BT,10,10,10,10,10,11,11,2,0,1,0,2,0
1261,BT,11,11,11,11,11,11,11,3,2,3,1,3,2
1262,BT,10,10,10,10,10,10,10,0,3,0,3,0,3
1263,BT,10,10,10,10,10,11,11,2,0,1,0,2,0
1264,BT,11,11,11,11,11,11,11,3,2,3,1,3,2
1265,BT,10,10,10,10,10,10,10,0,3,1,3,0,3
1266,BT,10,10,10,11,11,11,11,2,0,2,1,2,0
1267,BT,11,11,11,11,11,11,11,3,2,2,2,3,2
1268,BT,10,10,10,10,10,10,10,0,3,0,2,0,3
1269,BT,10,10,10,11,11,11,11,2,0,1,0,2,0
1270,BT,11,11,11,11,11,11,11,2,2,3,1,2,2
1271,BT,10,10,10,10,10,10,10,0,2,0,3,0,2
1272,BT,10,10,10,10,10,11,11,2,0,1,0,2,0
1273,BT,11,11,11,11,11,11,11,3,2,3,1,3,2
1274,BT,10,10,10,10,10,10,10,0,3,1,3,0,3
1275,BT,10,10,10,10,10,11,10,2,0,0,1,2,0
1276,BT,11,11,11,11,11,11,11,3,2,3,0,3,2
1277,BT,10,10,10,10,10,10,10,0,3,1,3,0,3
1278,BT,10,10,10,10,10,10,10,1,0,0,1,1,0
1279,BT,11,10,10,11,11,11,10,2,1,1,0,2,1
1280,BT,11,11,11,11,11,11,11,2,2,3,1,2,2
1281,BT,10,10,10,10,10,10,10,1,2,0,3,1,2
1282,BT,10,11,11,11,11,10,10,2,1,2,0,2,1
1283,BT,11,11,11,11,11,11,11,3,2,3,2,3,2
1284,BT,10,10,10,10,10,10,10,0,3,0,3,0,3
1285,BT,10,10,10,10,10,10,10,1,0,0,0,1,0
1286,BT,11,11,11,11,11,11,11,3,1,3,0,3,1
1287,BT,10,10,10,10,10,10,10,0,3,0,3,0,3
1288,BT,10,10,10,10,10,10,10,2,0,1,0,1,0
1289,BT,11,11,11,11,11,11,11,3,2,3,1,3,1
1290,BT,10,10,10,10,10,10,10,0,3,0,3,0,3
1291,BT,10,10,10,10,10,10,10,2,0,1,0,2,0
1292,BT,11,11,11,11,11,11,11,3,2,3,1,3,2
1293,BT,10,10,10,10,10,10,10,0,3,0,3,0,3
1294,BT,10,10,10,10,10,10,10,2,0,2,0,2,0
1295,BT,11,11,11,11,11,11,11,3,2,3,2,3,2
1296,BT,10,10,10,10,10,10,10,0,3,0,3,0,3
1297,BT,10,10,10,10,10,10,10,1,0,1,0,1,0
1298,BT,11,11,11,11,11,11,11,3,1,3,1,3,1
1299,BT,10,10,10,10,10,10,10,0,3,0,3,0,3
1300,BT,10,10,10,10,10,10,10,1,0,0,0,1,0
1301,BT,11,11,11,11,11,11,11,3,1,3,0,3,1
1302,BT,10,10,10,10,10,10,10,0,3,1,3,0,3
1303,BT,10,11,11,10,11,11,11,2,0,0,1,1,0
1304,BT,11,11,11,11,11,11,11,3,2,3,0,3,1
1305,BT,10,10,10,10,10,10,10,0,3,0,3,0,3
1306,BT,10,10,10,10,11,11,11,2,0,0,0,2,0
1307,BT,11,11,11,11,11,11,11,3,2,3,0,3,2
1308,BT,10,10,10,10,10,10,10,0,3,1,3,0,3
1309,BT,10,10,10,10,10,11,11,2,0,1,1,1,0
1310,BT,11,11,11,11,11,11,11,3,2,3,1,3,1
1311,BT,10,10,10,10,10,10,10,0,3,0,3,0,3
1312,BT,10,10,10,10,10,10,10,2,0,1,0,2,0
1313,BT,11,11,11,11,11,11,11,3,2,3,1,3,2
1314,BT,11,10,10,10,10,10,10,0,3,1,3,0,3
1315,BT,10,10,10,10,10,10,10,2,0,0,1,2,0
1316,BT,10,11,11,10,10,11,11,2,2,1,0,1,2
1317,BT,11,11,11,11,11,11,11,1,2,3,1,1,1
1318,BT,10,10,10,10,10,10,10,2,1,0,3,1,1
1319,BT,10,11,10,11,11,10,10,2,2,3,0,2,1
1320,BT,11,11,11,11,11,11,11,3,2,3,3,3,2
1321,BT,10,10,10,10,10,10,10,0,3,0,3,0,3
1322,BT,10,10,10,10,10,10,10,2,0,0,0,1,0
1323,BT,11,11,11,11,11,11,11,3,2,3,0,3,1
1324,BT,10,10,10,10,10,10,10,0,3,0,3,0,3
1325,BT,10,10,10,10,10,10,11,1,0,1,0,1,0
1326,BT,11,11,11,11,11,11,11,3,1,3,1,3,1
1327,BT,10,10,10,10,10,10,10,0,3,0,3,0,3
1328,BT,10,10,10,10,10,10,10,1,0,0,0,1,0
1329,BT,11,11,11,11,11,11,11,3,1,3,0,3,1
1330,BT,10,10,10,10,10,10,10,0,3,1,3,0,3
1331,BT,10,10,10,10,10,10,10,1,0,0,1,1,0
1332,BT,11,11,11,11,11,11,11,3,1,3,0,3,1
1333,BT,10,10,10,10,10,10,10,0,3,0,3,0,3
1334,BT,10,10,10,10,10,10,10,1,0,1,0,1,0
1335,BT,11,11,11,11,11,11,11,3,1,3,1,3,1
1336,BT,10,10,10,10,10,10,10,0,3,0,3,0,3
1337,BT,10,10,10,10,10,10,10,1,0,0,0,1,0
1338,BT,11,11,11,11,11,11,11,3,1,3,0,3,1
1339,BT,10,10,10,10,10,10,10,0,3,1,3,0,3
1340,BT,10,10,10,10,10,10,10,1,0,1,1,1,0
1341,BT,11,11,11,11,11,11,11,3,1,3,1,3,1
1342,BT,10,10,10,10,10,10,10,0,3,0,3,0,3
1343,BT,10,10,10,10,10,11,11,2,0,0,0,2,0
1344,BT,11,11,11,11,11,11,11,3,2,3,0,3,2
1345,BT,10,10,10,10,10,10,10,0,3,1,3,0,3
1346,BT,10,10,10,10,10,11,11,2,0,0,1,1,0
1347,BT,11,11,11,11,11,11,11,3,2,3,0,3,1
1348,BT,10,10,10,10,10,10,10,0,3,1,3,0,3
1349,BT,10,10,10,10,10,10,10,2,0,1,1,2,0
1350,BT,11,11,11,11,11,11,11,3,2,3,1,3,2
1351,BT,11,10,10,10,10,10,10,0,3,1,3,0,3
1352,BT,10,10,10,10,10,10,10,2,0,0,1,2,0
1353,BT,11,11,11,11,11,11,11,3,2,3,0,3,2
1354,BT,11,11,10,10,10,10,10,0,3,1,3,0,3
1355,BT,10,10,10,10,10,10,10,2,0,0,1,2,0
1356,BT,11,11,11,11,11,11,11,2,2,2,0,2,2
1357,BT,11,11,11,11,11,10,11,1,2,3,2,1,2
1358,BT,10,10,10,10,10,10,10,2,1,0,3,2,1
1359,BT,11,11,11,11,11,11,11,2,2,1,0,2,2
1360,BT,11,11,11,11,11,11,11,2,2,3,1,3,2
1361,BT,10,10,10,10,10,10,10,0,2,0,3,0,3
1362,BT,10,10,10,10,11,11,11,2,0,2,0,2,0
1363,BT,11,11,11,11,11,11,11,3,2,3,2,3,2
1364,BT,10,10,10,10,10,10,10,0,3,0,3,0,3
1365,BT,10,10,10,10,10,10,11,2,0,0,0,1,0
1366,BT,11,11,11,11,11,11,11,3,2,3,0,3,1
1367,BT,10,10,10,10,10,10,10,0,3,0,3,0,3
1368,BT,10,10,10,10,10,10,11,1,0,0,0,1,0
1369,BT,11,11,11,11,11,11,11,3,1,3,0,3,1
1370,BT,10,10,10,10,10,10,10,0,3,1,3,0,3
1371,BT,10,10,10,10,10,10,10,1,0,1,1,1,0
1372,BT,11,11,11,11,11,11,11,3,1,3,1,3,1
1373,BT,10,10,10,10,10,10,10,0,3,0,3,0,3
1374,BT,10,10,10,10,10,11,11,2,0,1,0,2,0
1375,BT,11,11,11,11,11,11,11,3,2,3,1,3,2
1376,BT,10,10,10,10,10,10,10,0,3,0,3,0,3
1377,BT,10,10,10,10,10,11,11,2,0,1,0,2,0
1378,BT,11,11,11,11,11,11,11,3,2,3,1,3,2
1379,BT,10,10,10,10,10,10,10,0,3,0,3,0,3
1380,BT,10,10,10,10,10,11,11,2,0,1,0,2,0
1381,BT,11,11,11,11,11,11,11,3,2,3,1,3,2
1382,BT,10,10,10,10,10,10,10,0,3,0,3,0,3
1383,BT,10,10,10,10,10,11,11,2,0,2,0,2,0
1384,BT,11,11,11,11,11,11,11,3,2,3,2,3,2
1385,BT,10,10,10,10,10,10,10,0,3,0,3,0,3
1386,BT,10,10,10,10,10,11,11,2,0,1,0,2,0
1387,BT,11,11,11,11,11,11,11,3,2,3,1,3,2
1388,BT,10,10,10,10,10,10,10,0,3,0,3,0,3
1389,BT,10,10,10,10,10,11,11,2,0,1,0,2,0
1390,BT,11,11,11,11,11,11,11,3,2,3,1,3,2
1391,BT,10,10,10,10,10,10,10,0,3,0,3,0,3
1392,BT,10,10,10,10,10,10,10,2,0,0,0,2,0
1393,BT,11,11,11,11,11,11,11,3,2,3,0,3,2
1394,BT,10,10,10,10,10,10,10,0,3,2,3,0,3
1395,BT,10,10,10,10,10,11,10,2,0,0,2,2,0
1396,BT,11,11,11,11,11,11,11,2,2,3,0,2,2
1397,BT,11,11,11,10,10,10,10,0,2,2,3,1,2
1398,BT,10,10,10,10,10,11,10,2,0,0,2,2,1
1399,BT,10,11,10,10,10,10,10,2,2,1,0,1,2
1400,BT,11,11,11,11,11,11,11,2,2,3,1,3,1
1401,BT,10,10,10,10,10,10,10,1,2,0,3,0,3
1402,BT,10,10,10,10,11,11,11,2,1,1,0,2,0
1403,BT,11,11,11,11,11,11,11,3,2,3,1,3,2
1404,BT,10,10,10,10,10,10,10,0,3,0,3,0,3
1405,BT,10,10,10,10,10,10,10,2,0,0,0,1,0
1406,BT,11,11,11,11,11,11,11,3,2,3,0,3,1
1407,BT,10,10,10,10,10,10,10,0,3,0,3,0,3
1408,BT,10,10,10,10,10,10,10,1,0,0,0,1,0
1409,BT,11,11,11,11,11,11,11,3,1,3,0,3,1
1410,BT,11,10,10,10,10,10,10,0,3,0,3,0,3
1411,BT,10,10,10,10,10,10,10,1,0,1,0,1,0
1412,BT,11,11,11,11,11,11,11,3,1,3,1,3,1
1413,BT,10,10,10,10,10,10,10,0,3,0,3,0,3
1414,BT,10,10,10,10,10,10,10,1,0,1,0,1,0
1415,BT,11,11,11,11,11,11,11,3,1,3,1,3,1
1416,BT,11,10,10,10,10,10,10,0,3,1,3,1,3
1417,BT,10,10,10,10,10,10,10,1,0,0,1,1,1
1418,BT,11,11,11,11,11,11,11,3,1,3,0,3,1
1419,BT,10,10,10,10,10,10,10,0,3,1,3,0,3
1420,BT,10,10,10,10,10,10,10,1,0,0,1,1,0
1421,BT,11,11,11,11,11,11,11,3,1,3,0,3,1
1422,BT,10,10,10,10,10,10,10,0,3,0,3,0,3
1423,BT,10,10,10,10,10,11,11,2,0,0,0,1,0
1424,BT,11,11,11,11,11,11,11,3,2,3,0,3,1
1425,BT,10,10,10,10,10,10,10,0,3,1,3,0,3
1426,BT,10,10,10,10,10,11,11,2,0,0,1,2,0
1427,BT,11,11,11,11,11,11,11,3,2,3,0,3,2
1428,BT,10,10,10,10,10,10,10,0,3,2,3,0,3
1429,BT,10,10,10,10,10,10,10,2,0,0,2,2,0
1430,BT,11,11,11,11,11,11,11,2,2,3,0,3,2
1431,BT,11,10,10,10,10,10,10,0,2,1,3,0,3
1432,BT,10,10,10,10,10,10,10,2,0,0,1,2,0
1433,BT,11,11,11,11,11,11,11,2,2,3,0,2,2
1434,BT,11,11,11,11,11,10,10,1,2,3,3,1,2
1435,BT,10,10,10,10,10,10,10,2,1,0,3,2,1
1436,BT,10,10,11,10,10,10,10,2,2,0,0,1,2
1437,BT,11,11,11,11,11,11,11,3,2,3,0,3,1
1438,BT,10,10,10,10,10,10,10,0,3,0,3,0,3
1439,BT,10,10,10,10,10,11,10,2,0,2,0,2,0
1440,BT,11,11,11,11,11,11,11,3,2,3,2,3,2
1441,BT,10,10,10,10,10,10,10,0,3,0,3,0,3
1442,BT,10,10,10,10,10,10,11,2,0,2,0,2,0
1443,BT,11,11,11,11,11,11,11,3,2,3,2,3,2
1444,BT,10,10,10,10,10,10,10,0,3,0,3,0,3
1445,BT,10,10,10,10,10,10,10,2,0,2,0,2,0
1446,BT,11,11,11,11,11,11,11,3,2,3,2,3,2
1447,BT,10,10,10,10,10,10,10,0,3,0,3,0,3
1448,BT,10,10,10,10,10,10,10,2,0,1,0,2,0
1449,BT,11,11,11,11,11,11,11,3,2,3,1,3,2
1450,BT,10,10,10,10,10,10,10,0,3,0,3,0,3
1451,BT,10,10,10,10,10,10,10,1,0,1,0,1,0
1452,BT,11,11,11,11,11,11,11,3,1,3,1,3,1
1453,BT,10,10,10,10,10,10,10,0,3,0,3,0,3
1454,BT,10,10,10,10,10,10,10,1,0,0,0,1,0
1455,BT,11,11,11,11,11,11,11,3,1,3,0,3,1
1456,BT,10,10,10,10,10,10,10,0,3,0,3,0,3
1457,BT,10,10,10,10,10,10,10,1,0,0,0,1,0
1458,BT,11,11,11,11,11,11,11,3,1,3,0,3,1
1459,BT,10,10,10,10,10,10,10,0,3,0,3,0,3
1460,BT,10,10,10,10,10,10,10,1,0,0,0,1,0
1461,BT,11,11,11,11,11,11,11,3,1,3,0,3,1
1462,BT,11,10,10,10,10,10,10,1,3,1,3,1,3
1463,BT,10,10,10,10,10,10,10,1,1,0,1,1,1
1464,BT,11,11,11,11,11,11,11,3,1,3,0,3,1
1465,BT,10,10,10,10,10,10,10,0,3,1,3,0,3
1466,BT,10,10,10,10,10,10,10,1,0,0,1,1,0
1467,BT,11,11,11,11,11,11,11,3,1,3,0,3,1
1468,BT,10,10,10,10,10,10,10,0,3,0,3,0,3
1469,BT,10,10,10,10,10,10,10,1,0,1,0,1,0
1470,BT,11,11,11,11,11,11,11,3,1,3,1,3,1
1471,BT,10,10,10,10,10,10,10,0,3,0,3,0,3
1472,BT,10,10,10,10,10,10,10,1,0,2,0,1,0
1473,BT,11,11,11,11,11,11,11,3,1,3,2,3,1
1474,BT,10,10,10,10,10,10,10,0,3,0,3,0,3
1475,BT,10,10,10,10,10,10,10,1,0,0,0,1,0
1476,BT,11,11,11,11,11,11,11,3,1,3,0,3,1
1477,BT,10,10,10,10,10,10,10,0,3,0,3,0,3
1478,BT,10,10,10,10,10,11,11,2,0,1,0,2,0
1479,BT,11,11,11,11,11,11,11,3,2,3,1,3,2
1480,BT,10,10,10,10,10,10,10,0,3,0,3,0,3
1481,BT,10,10,10,10,10,11,11,2,0,2,0,2,0
1482,BT,11,11,11,11,11,11,11,3,2,3,2,3,2
1483,BT,10,10,10,10,10,10,10,0,3,0,3,0,3
1484,BT,10,10,10,10,11,11,11,2,0,1,0,2,0
1485,BT,11,11,11,11,11,11,11,3,2,3,1,3,2
1486,BT,10,10,10,10,10,10,10,0,3,0,3,0,3
1487,BT,10,10,10,11,11,11,11,2,0,2,0,2,0
1488,BT,11,11,11,11,11,11,11,3,2,3,2,3,2
1489,BT,10,10,10,10,10,10,10,0,3,0,3,0,3
1490,BT,10,10,10,10,11,11,11,2,0,2,0,2,0
1491,BT,11,11,11,11,11,11,11,3,2,3,2,3,2
1492,BT,10,10,10,10,10,10,10,0,3,0,3,0,3
1493,BT,10,10,10,10,11,11,11,2,0,0,0,2,0
1494,BT,11,11,11,11,11,11,11,3,2,3,0,3,2
1495,BT,10,10,10,10,10,10,10,0,3,1,3,0,3
1496,BT,10,10,10,10,10,11,11,2,0,1,1,2,0
1497,BT,11,11,11,11,11,11,11,3,2,3,1,3,2
1498,BT,10,10,10,10,10,10,10,0,3,0,3,0,3
1499,BT,10,10,10,10,10,11,11,2,0,0,0,2,0
1500,BT,11,11,11,11,11,11,11,3,2,3,0,3,2
1501,BT,10,10,10,10,10,10,10,0,3,2,3,0,3
1502,BT,10,10,10,10,10,10,11,2,0,0,2,2,0
1503,BT,11,11,11,11,11,11,11,3,2,3,0,3,2
1504,BT,11,10,10,10,10,10,10,0,3,2,3,0,3
1505,BT,10,10,10,10,10,10,10,2,0,0,2,2,0
1506,BT,10,11,11,10,10,10,10,1,2,1,0,1,2
1507,BT,11,11,11,11,11,11,11,2,1,3,1,2,1
1508,BT,10,10,10,10,10,10,10,1,2,0,3,1,2
1509,BT,10,11,11,10,10,11,11,1,1,1,0,1,1
1510,BT,11,11,11,11,11,11,11,3,1,3,1,3,1
1511,BT,10,10,10,10,10,10,10,0,3,0,3,0,3
1512,BT,10,10,10,10,10,11,11,2,0,1,0,2,0
1513,BT,11,11,11,11,11,11,11,3,2,3,1,3,2
1514,BT,10,10,10,10,10,10,10,0,3,0,3,0,3
1515,BT,10,10,10,10,10,10,10,2,0,0,0,1,0
1516,BT,11,11,11,11,11,11,11,3,2,3,0,3,1
1517,BT,10,10,10,10,10,10,10,0,3,0,3,0,3
1518,BT,10,10,10,10,10,10,10,1,0,2,0,1,0
1519,BT,11,11,11,11,11,11,11,3,1,3,2,3,1
1520,BT,11,10,10,10,10,10,10,0,3,0,3,0,3
1521,BT,10,10,10,10,10,10,11,1,0,0,0,1,0
1522,BT,11,11,11,11,11,11,11,3,1,3,0,3,1
1523,BT,10,10,10,10,10,10,10,0,3,1,3,0,3
1524,BT,10,10,10,10,10,11,11,2,0,1,1,2,0
1525,BT,11,11,11,11,11,11,11,3,2,3,1,3,2
1526,BT,10,10,10,10,10,10,10,0,3,1,3,0,3
1527,BT,10,10,10,10,10,10,10,1,0,0,1,1,0
1528,BT,11,11,11,11,11,11,11,3,1,3,0,3,1
1529,BT,11,10,10,10,10,10,10,0,3,1,3,0,3
1530,BT,10,10,10,10,10,10,10,2,0,1,1,2,0
1531,BT,11,11,11,11,11,11,11,2,2,1,1,2,2
1532,BT,11,11,11,11,10,10,10,1,2,3,1,1,2
1533,BT,10,10,10,10,10,10,10,2,1,0,3,1,1
1534,BT,10,11,11,11,11,11,11,2,2,1,0,2,1
1535,BT,11,11,11,11,11,11,11,3,2,3,1,3,2
1536,BT,11,10,10,10,10,10,10,0,3,0,3,0,3
1537,BT,10,10,10,10,10,10,10,0,0,0,0,0,0
,,,,,,,,,,0,,0,,0
