,Application,variable,Perf_node01_power_energy_pkg_,a,Perf_node01_power_energy_ram_,b,Perf_node01_power_energy_total_,c
1538,CG,127,2,2,1,1,1,1
1539,CG,0,1,2,2,1,2,1
1540,CG,70,2,1,2,2,2,2
1541,CG,0,1,2,1,2,1,2
1542,CG,94,2,1,3,1,2,1
1543,CG,68,1,2,2,3,1,2
1544,CG,94,2,1,2,2,2,1
1545,CG,94,2,2,0,2,2,2
1546,CG,94,2,2,1,0,2,2
1547,CG,94,2,2,1,1,2,2
1548,CG,94,2,2,1,1,2,2
1549,CG,94,2,2,1,1,2,2
1550,CG,126,2,2,1,1,2,2
1551,CG,126,2,2,3,1,2,2
1552,CG,127,2,2,3,3,2,2
1553,CG,95,2,2,3,3,3,2
1554,CG,127,2,2,2,3,2,3
1555,CG,0,1,2,1,2,1,2
1556,CG,127,2,1,2,1,2,1
1557,CG,0,1,2,2,2,1,2
1558,CG,126,2,1,1,2,1,1
1559,CG,0,1,2,2,1,1,1
1560,CG,127,2,1,1,2,2,1
1561,CG,33,1,2,2,1,1,2
1562,CG,127,2,1,2,2,2,1
1563,CG,127,2,2,3,2,2,2
1564,CG,1,1,2,1,3,1,2
1565,CG,0,1,1,0,1,1,1
1566,CG,102,1,1,0,0,1,1
1567,CG,127,2,1,3,0,2,1
1568,CG,1,1,2,2,3,2,2
1569,CG,66,2,1,1,2,2,2
1570,CG,56,1,2,1,1,1,2
1571,CG,127,2,1,2,1,2,1
1572,CG,27,1,2,1,2,1,2
1573,CG,0,1,1,1,1,1,1
1574,CG,127,2,1,2,1,2,1
1575,CG,0,1,2,2,2,1,2
1576,CG,70,1,1,1,2,1,1
1577,CG,96,2,1,1,1,2,1
1578,CG,63,2,2,1,1,1,2
1579,CG,32,2,2,2,1,2,1
1580,CG,127,2,2,1,2,2,2
1581,CG,39,1,2,2,1,2,2
1582,CG,0,1,1,1,2,1,2
1583,CG,127,2,1,2,1,2,1
1584,CG,0,1,2,0,2,1,2
1585,CG,126,2,1,3,0,2,1
1586,CG,1,1,2,1,3,1,2
1587,CG,127,2,1,1,1,1,1
1588,CG,126,2,2,2,1,2,1
1589,CG,0,1,2,0,2,1,2
1590,CG,127,2,1,3,0,2,1
1591,CG,1,1,2,2,3,1,2
1592,CG,126,2,1,2,2,2,1
1593,CG,61,1,2,1,2,1,2
1594,CG,6,1,1,1,1,1,1
1595,CG,0,1,1,2,1,1,1
1596,CG,118,2,1,0,2,1,1
1597,CG,127,2,2,3,0,2,1
1598,CG,7,1,2,1,3,1,2
1599,CG,127,2,1,1,1,2,1
1600,CG,0,1,2,1,1,1,2
1601,CG,127,2,1,2,1,2,1
1602,CG,32,1,2,2,2,1,2
1603,CG,127,2,1,1,2,2,1
1604,CG,127,2,2,1,1,2,2
1605,CG,1,1,2,2,1,1,2
1606,CG,126,2,1,2,2,2,1
1607,CG,7,1,2,1,2,1,2
1608,CG,26,2,1,2,1,2,1
1609,CG,95,1,2,1,2,1,2
1610,CG,126,2,1,0,1,1,1
1611,CG,33,1,2,3,0,2,1
1612,CG,126,2,1,1,3,2,2
1613,CG,127,2,2,3,1,2,2
1614,CG,0,1,2,1,3,1,2
1615,CG,6,1,1,1,1,1,1
1616,CG,0,1,1,2,1,1,1
1617,CG,127,2,1,2,2,2,1
1618,CG,1,1,2,1,2,1,2
1619,CG,66,2,1,0,1,1,1
1620,CG,127,2,2,2,0,2,1
1621,CG,1,1,2,3,2,1,2
1622,CG,126,2,1,2,3,2,1
1623,CG,1,1,2,1,2,1,2
1624,CG,94,2,1,2,1,2,1
1625,CG,127,2,2,2,2,2,2
1626,CG,127,2,2,2,2,2,2
1627,CG,127,2,2,1,2,2,2
1628,CG,0,1,2,1,1,1,2
1629,CG,0,1,1,1,1,1,1
1630,CG,127,2,1,2,1,2,1
1631,CG,127,2,2,2,2,2,2
1632,CG,0,1,2,1,2,1,2
1633,CG,0,1,1,1,1,1,1
1634,CG,127,2,1,2,1,2,1
1635,CG,126,2,2,1,2,2,2
1636,CG,127,2,2,2,1,2,2
1637,CG,0,1,2,0,2,1,2
1638,CG,127,2,1,3,0,2,1
1639,CG,1,1,2,2,3,1,2
1640,CG,0,1,1,2,2,1,1
1641,CG,0,1,1,0,2,1,1
1642,CG,127,2,1,3,0,2,1
1643,CG,1,1,2,1,3,1,2
1644,CG,88,1,1,1,1,1,1
1645,CG,0,1,1,1,1,1,1
1646,CG,127,2,1,3,1,2,1
1647,CG,71,2,2,2,3,2,2
1648,CG,0,1,2,1,2,1,2
1649,CG,0,1,1,1,1,1,1
1650,CG,0,1,1,1,1,1,1
1651,CG,127,2,1,1,1,2,1
1652,CG,127,2,2,2,1,2,2
1653,CG,126,2,2,2,2,2,2
1654,CG,7,1,2,2,2,1,2
1655,CG,0,1,1,1,2,1,1
1656,CG,127,2,1,1,1,2,1
1657,CG,0,1,2,2,1,2,2
1658,CG,14,1,1,1,2,1,2
1659,CG,96,2,1,0,1,1,1
1660,CG,7,1,2,2,0,2,1
1661,CG,127,2,1,3,2,2,2
1662,CG,127,2,2,2,3,2,2
1663,CG,6,1,2,2,2,1,2
1664,CG,96,1,1,1,2,1,1
1665,CG,79,2,1,2,1,2,1
1666,CG,127,2,2,2,2,2,2
1667,CG,102,2,2,1,2,1,2
1668,CG,95,1,2,2,1,1,1
1669,CG,96,2,1,2,2,2,1
1670,CG,95,1,2,1,2,1,2
1671,CG,127,2,1,2,1,2,1
1672,CG,99,2,2,2,2,2,2
1673,CG,126,2,2,1,2,2,2
1674,CG,15,1,2,1,1,1,2
1675,CG,96,2,1,2,1,2,1
1676,CG,31,1,2,1,2,1,2
1677,CG,127,2,1,2,1,2,1
1678,CG,113,1,2,1,2,1,2
1679,CG,6,1,1,1,1,1,1
1680,CG,126,2,1,2,1,2,1
1681,CG,1,1,2,1,2,1,2
1682,CG,126,2,1,2,1,2,1
1683,CG,127,2,2,2,2,2,2
1684,CG,64,1,2,1,2,1,2
1685,CG,63,2,1,2,1,2,1
1686,CG,3,1,2,0,2,1,2
1687,CG,102,2,1,1,0,2,1
1688,CG,99,2,2,3,1,2,2
1689,CG,28,1,2,0,3,1,2
1690,CG,127,2,1,3,0,2,1
1691,CG,127,2,2,2,3,2,2
1692,CG,15,1,2,1,2,1,2
1693,CG,102,2,1,2,1,2,1
1694,CG,127,2,2,2,2,2,2
1695,CG,1,1,2,1,2,1,2
1696,CG,126,2,1,1,1,2,1
1697,CG,0,1,2,2,1,1,2
1698,CG,126,2,1,1,2,1,1
1699,CG,127,2,2,2,1,2,1
1700,CG,0,1,2,2,2,1,2
1701,CG,14,1,1,0,2,1,1
1702,CG,127,2,1,3,0,2,1
1703,CG,7,1,2,2,3,1,2
1704,CG,0,1,1,2,2,1,1
1705,CG,127,2,1,2,2,2,1
1706,CG,127,2,2,1,2,2,2
1707,CG,17,1,2,1,1,1,2
1708,CG,2,1,1,1,1,1,1
1709,CG,125,2,1,2,1,2,1
1710,CG,31,1,2,2,2,1,2
1711,CG,64,1,1,1,2,1,1
1712,CG,32,2,1,1,1,1,1
1713,CG,127,2,2,2,1,2,1
1714,CG,6,1,2,1,2,1,2
1715,CG,97,2,1,1,1,1,1
1716,CG,126,2,2,2,1,2,1
1717,CG,1,1,2,1,2,1,2
1718,CG,126,2,1,2,1,2,1
1719,CG,1,1,2,1,2,1,2
1720,CG,120,2,1,2,1,2,1
1721,CG,127,2,2,2,2,2,2
1722,CG,1,1,2,1,2,1,2
1723,CG,96,2,1,2,1,2,1
1724,CG,12,1,2,0,2,1,2
1725,CG,66,2,1,3,0,2,1
1726,CG,127,2,2,2,3,2,2
1727,CG,127,1,2,1,2,1,2
1728,CG,70,2,1,2,1,2,1
1729,CG,112,1,2,2,2,1,2
1730,CG,0,1,1,0,2,1,1
1731,CG,127,2,1,3,0,2,1
1732,CG,127,2,2,2,3,2,2
1733,CG,15,1,2,1,2,1,2
1734,CG,96,2,1,1,1,1,1
1735,CG,14,1,2,2,1,1,1
1736,CG,127,2,1,2,2,2,1
1737,CG,70,2,2,1,2,2,2
1738,CG,0,1,2,1,1,1,2
1739,CG,65,2,1,2,1,2,1
1740,CG,8,1,2,2,2,1,2
1741,CG,127,2,1,2,2,2,1
1742,CG,0,1,2,1,2,1,2
1743,CG,126,1,1,1,1,1,1
1744,CG,96,2,1,2,1,2,1
1745,CG,15,1,2,1,2,1,2
1746,CG,126,2,1,1,1,1,1
1747,CG,38,1,2,1,1,1,1
1748,CG,95,1,1,3,1,2,1
1749,CG,96,1,1,2,3,1,2
1750,CG,15,1,1,1,2,1,1
1751,CG,127,2,1,2,1,2,1
1752,CG,126,2,2,1,2,2,2
1753,CG,103,2,2,2,1,2,2
1754,CG,28,1,2,1,2,1,2
1755,CG,103,2,1,2,1,2,1
1756,CG,32,1,2,1,2,1,2
1757,CG,15,1,1,1,1,1,1
1758,CG,64,2,1,2,1,2,1
1759,CG,121,1,2,1,2,1,2
1760,CG,127,2,1,2,1,2,1
1761,CG,0,1,2,1,2,1,2
1762,CG,7,1,1,1,1,1,1
1763,CG,64,1,1,1,1,1,1
1764,CG,127,1,1,1,1,1,1
1765,CG,126,2,1,1,1,2,1
1766,CG,62,1,2,2,1,2,2
1767,CG,99,2,1,1,2,2,2
1768,CG,126,2,2,2,1,2,2
1769,CG,1,1,2,1,2,1,2
1770,CG,102,2,1,2,1,2,1
1771,CG,63,1,2,1,2,1,2
1772,CG,64,2,1,1,1,1,1
1773,CG,62,1,2,1,1,1,1
1774,CG,127,1,1,2,1,1,1
1775,CG,126,2,1,2,2,2,1
1776,CG,31,1,2,2,2,1,2
1777,CG,64,2,1,1,2,2,1
1778,CG,94,1,2,1,1,1,2
1779,CG,127,2,1,2,1,2,1
1780,CG,70,2,2,1,2,1,2
1781,CG,63,1,2,2,1,1,1
1782,CG,96,2,1,1,2,2,1
1783,CG,127,1,2,2,1,2,2
1784,CG,127,2,1,2,2,2,2
1785,CG,70,2,2,1,2,1,2
1786,CG,127,1,2,2,1,2,1
1787,CG,112,2,1,1,2,1,2
1788,CG,2,1,2,1,1,1,1
1789,CG,127,2,1,2,1,2,1
1790,CG,126,2,2,1,2,2,2
1791,CG,103,2,2,2,1,2,2
1792,CG,48,1,2,1,2,1,2
1793,CG,0,1,1,1,1,1,1
1794,CG,127,2,1,2,1,2,1
1795,CG,99,2,2,1,2,1,2
1796,CG,95,1,2,2,1,1,1
1797,CG,96,2,1,2,2,2,1
1798,CG,7,1,2,2,2,1,2
1799,CG,127,2,1,1,2,2,1
1800,CG,0,1,2,1,1,1,2
1801,CG,127,2,1,2,1,2,1
1802,CG,0,1,2,1,2,1,2
1803,CG,112,2,1,1,1,2,1
1804,CG,127,2,2,2,1,2,2
1805,CG,1,1,2,1,2,1,2
1806,CG,124,2,1,2,1,2,1
1807,CG,127,2,2,2,2,2,2
1808,CG,0,1,2,1,2,1,2
1809,CG,7,1,1,2,1,1,1
1810,CG,112,1,1,1,2,1,1
1811,CG,71,2,1,1,1,1,1
1812,CG,127,1,2,2,1,2,1
1813,CG,126,2,1,2,2,2,2
1814,CG,111,2,2,2,2,2,2
1815,CG,24,1,2,1,2,1,2
1816,CG,66,2,1,1,1,1,1
1817,CG,127,1,2,2,1,1,1
1818,CG,127,2,1,1,2,2,1
1819,CG,113,2,2,2,1,2,2
1820,CG,14,1,2,2,2,1,2
1821,CG,99,2,1,0,2,1,1
1822,CG,127,2,2,3,0,2,1
1823,CG,7,1,2,1,3,1,2
1824,CG,64,1,1,1,1,1,1
1825,CG,127,2,1,1,1,2,1
1826,CG,0,1,2,2,1,1,2
1827,CG,126,1,1,0,2,1,1
1828,CG,66,2,1,3,0,2,1
1829,CG,60,1,2,3,3,2,2
1830,CG,127,2,1,2,3,2,2
1831,CG,0,1,2,1,2,1,2
1832,CG,127,2,1,2,1,2,1
1833,CG,126,2,2,1,2,2,2
1834,CG,5,1,2,2,1,1,2
1835,CG,96,2,1,1,2,2,1
1836,CG,127,2,2,1,1,2,2
1837,CG,7,1,2,1,1,1,2
1838,CG,0,1,1,0,1,1,1
1839,CG,103,2,1,3,0,2,1
1840,CG,79,1,2,2,3,1,2
1841,CG,112,1,1,2,2,1,1
1842,CG,6,1,1,1,2,1,1
1843,CG,127,1,1,2,1,2,1
1844,CG,127,2,1,2,2,2,2
1845,CG,71,2,2,1,2,2,2
1846,CG,56,1,2,2,1,1,2
1847,CG,70,2,1,1,2,2,1
1848,CG,123,1,2,1,1,1,2
1849,CG,127,2,1,1,1,2,1
1850,CG,103,1,2,0,1,1,2
1851,CG,30,1,1,3,0,2,1
1852,CG,100,2,1,1,3,1,2
1853,CG,127,2,2,2,1,2,1
1854,CG,94,2,2,1,2,2,2
1855,CG,0,1,2,1,1,1,2
1856,CG,126,1,1,2,1,2,1
1857,CG,127,2,1,1,2,2,2
1858,CG,48,1,2,1,1,1,2
1859,CG,127,2,1,1,1,2,1
1860,CG,15,1,2,0,1,1,2
1861,CG,0,1,1,3,0,2,1
1862,CG,127,2,1,2,3,2,2
1863,CG,1,1,2,1,2,1,2
1864,CG,110,1,1,2,1,2,1
1865,CG,127,2,1,2,2,2,2
1866,CG,0,1,2,1,2,1,2
1867,CG,64,1,1,2,1,2,1
1868,CG,124,2,1,1,2,1,2
1869,CG,63,2,2,2,1,2,1
1870,CG,68,1,2,1,2,1,2
1871,CG,94,1,1,2,1,2,1
1872,CG,64,1,1,2,2,2,2
1873,CG,126,2,1,1,2,2,2
1874,CG,127,1,2,0,1,1,2
1875,CG,126,2,1,3,0,2,1
1876,CG,14,1,2,2,3,1,2
1877,CG,64,2,1,2,2,2,1
1878,CG,126,1,2,0,2,1,2
1879,CG,127,2,1,3,0,2,1
1880,CG,126,2,2,1,3,2,2
1881,CG,63,1,2,1,1,1,2
1882,CG,97,2,1,2,1,2,1
1883,CG,95,2,2,2,2,2,2
1884,CG,0,1,2,1,2,1,2
1885,CG,119,2,1,2,1,2,1
1886,CG,95,1,2,1,2,1,2
1887,CG,96,2,1,2,1,2,1
1888,CG,7,1,2,1,2,1,2
1889,CG,127,1,1,2,1,1,1
1890,CG,126,2,1,2,2,2,1
1891,CG,127,2,2,2,2,2,2
1892,CG,0,1,2,1,2,1,2
1893,CG,6,1,1,1,1,1,1
1894,CG,127,2,1,2,1,2,1
1895,CG,3,1,2,0,2,1,2
1896,CG,66,2,1,3,0,2,1
1897,CG,126,2,2,2,3,2,2
1898,CG,0,1,2,0,2,1,2
1899,CG,124,1,1,2,0,2,1
1900,CG,127,2,1,2,2,2,2
1901,CG,127,2,2,2,2,2,2
1902,CG,12,1,2,1,2,1,2
1903,CG,119,2,1,1,1,2,1
1904,CG,32,1,2,0,1,1,2
1905,CG,95,2,1,3,0,2,1
1906,CG,0,1,2,2,3,1,2
1907,CG,127,2,1,2,2,2,1
1908,CG,127,2,2,1,2,2,2
1909,CG,120,1,2,2,1,1,2
1910,CG,7,1,1,1,2,1,1
1911,CG,112,1,1,2,1,2,1
1912,CG,127,2,1,1,2,2,2
1913,CG,127,2,2,1,1,2,2
1914,CG,62,1,2,2,1,1,2
1915,CG,103,2,1,1,2,2,1
1916,CG,0,1,2,1,1,1,2
1917,CG,127,2,1,2,1,2,1
1918,CG,70,2,2,1,2,1,2
1919,CG,62,1,2,1,1,1,1
1920,CG,96,2,1,2,1,2,1
1921,CG,63,1,2,1,2,1,2
1922,CG,64,1,1,1,1,1,1
1923,CG,126,2,1,2,1,2,1
1924,CG,3,1,2,1,2,1,2
1925,CG,0,1,1,1,1,1,1
1926,CG,127,2,1,2,1,2,1
1927,CG,14,1,2,1,2,1,2
1928,CG,96,2,1,1,1,2,1
1929,CG,127,2,2,2,1,2,2
1930,CG,0,1,2,1,2,1,2
1931,CG,103,2,1,2,1,2,1
1932,CG,111,2,2,2,2,2,2
1933,CG,24,1,2,0,2,1,2
1934,CG,6,2,1,3,0,2,1
1935,CG,127,2,2,2,3,2,2
1936,CG,127,2,2,2,2,2,2
1937,CG,65,1,2,1,2,1,2
1938,CG,14,1,1,1,1,1,1
1939,CG,127,2,1,2,1,2,1
1940,CG,112,1,2,2,2,1,2
1941,CG,15,1,1,1,2,1,1
1942,CG,0,1,1,2,1,2,1
1943,CG,127,2,1,2,2,2,2
1944,CG,70,2,2,1,2,2,2
1945,CG,28,1,2,1,1,1,2
1946,CG,96,2,1,2,1,2,1
1947,CG,78,1,2,1,2,1,2
1948,CG,127,1,1,2,1,2,1
1949,CG,126,2,1,2,2,2,2
1950,CG,47,1,2,1,2,1,2
1951,CG,120,1,1,2,1,2,1
1952,CG,0,1,1,1,2,1,2
1953,CG,119,2,1,2,1,2,1
1954,CG,31,1,2,1,2,1,2
1955,CG,112,2,1,2,1,2,1
1956,CG,7,1,2,1,2,1,2
1957,CG,0,1,1,2,1,1,1
1958,CG,126,2,1,1,2,2,1
1959,CG,0,1,2,2,1,1,2
1960,CG,6,1,1,1,2,1,1
1961,CG,127,2,1,2,1,2,1
1962,CG,33,1,2,2,2,2,2
1963,CG,127,2,1,2,2,2,2
1964,CG,32,1,2,1,2,1,2
1965,CG,0,1,1,1,1,1,1
1966,CG,127,2,1,2,1,2,1
1967,CG,71,1,2,1,2,1,2
1968,CG,127,2,1,1,1,1,1
1969,CG,6,1,2,2,1,1,1
1970,CG,127,2,1,2,2,2,1
1971,CG,0,1,2,1,2,1,2
1972,CG,7,1,1,2,1,1,1
1973,CG,70,2,1,2,2,2,1
1974,CG,127,1,2,2,2,1,2
1975,CG,70,2,1,1,2,1,1
1976,CG,30,1,2,2,1,2,1
1977,CG,96,2,1,2,2,2,2
1978,CG,95,1,2,1,2,1,2
1979,CG,127,1,1,1,1,1,1
1980,CG,102,1,1,0,1,1,1
1981,CG,127,2,1,3,0,2,1
1982,CG,127,1,2,1,3,1,2
1983,CG,0,1,1,2,1,2,1
1984,CG,127,2,1,2,2,2,2
1985,CG,1,1,2,1,2,1,2
1986,CG,0,1,1,1,1,1,1
1987,CG,127,2,1,2,1,2,1
1988,CG,0,1,2,2,2,1,2
1989,CG,127,1,1,1,2,1,1
1990,CG,64,2,1,1,1,2,1
1991,CG,14,1,2,2,1,1,2
1992,CG,127,2,1,2,2,2,1
1993,CG,70,2,2,1,2,1,2
1994,CG,127,2,2,2,1,2,1
1995,CG,6,1,2,1,2,1,2
1996,CG,96,2,1,3,1,2,1
1997,CG,127,2,2,2,3,2,2
1998,CG,7,1,2,1,2,1,2
1999,CG,64,2,1,1,1,2,1
2000,CG,121,1,2,2,1,1,2
2001,CG,102,2,1,2,2,2,1
2002,CG,95,1,2,1,2,1,2
2003,CG,96,1,1,2,1,1,1
2004,CG,127,2,1,1,2,2,1
2005,CG,31,1,2,2,1,1,2
2006,CG,118,2,1,0,2,1,1
2007,CG,15,2,2,3,0,2,1
2008,CG,122,2,2,2,3,2,2
2009,CG,7,1,2,1,2,1,2
2010,CG,126,2,1,0,1,1,1
2011,CG,7,1,2,2,0,2,1
2012,CG,0,1,1,2,2,2,2
2013,CG,127,1,1,1,2,1,2
2014,CG,126,2,1,2,1,2,1
2015,CG,125,1,2,2,2,2,2
2016,CG,6,2,1,1,2,1,2
2017,CG,82,1,2,1,1,1,1
2018,CG,125,2,1,2,1,2,1
2019,CG,126,2,2,2,2,2,2
2020,CG,63,1,2,1,2,1,2
2021,CG,64,2,1,1,1,1,1
2022,CG,6,1,2,2,1,1,1
2023,CG,127,2,1,2,2,2,1
2024,CG,7,2,2,1,2,1,2
2025,CG,127,2,2,1,1,2,1
2026,CG,30,1,2,2,1,1,2
2027,CG,102,2,1,2,2,2,1
2028,CG,99,2,2,2,2,2,2
2029,CG,7,1,2,1,2,1,2
2030,CG,96,2,1,2,1,2,1
2031,CG,127,2,2,2,2,2,2
2032,CG,36,1,2,1,2,1,2
2033,CG,127,1,1,1,1,1,1
2034,CG,64,1,1,1,1,1,1
2035,CG,127,2,1,3,1,2,1
2036,CG,71,1,2,2,3,1,2
2037,CG,103,2,1,1,2,1,1
2038,CG,111,2,2,2,1,2,1
2039,CG,56,1,2,2,2,1,2
2040,CG,70,2,1,1,2,2,1
2041,CG,127,1,2,1,1,1,2
2042,CG,127,2,1,2,1,2,1
2043,CG,127,2,2,2,2,2,2
2044,CG,2,1,2,2,2,1,2
2045,CG,127,2,1,0,2,1,1
2046,CG,56,1,2,3,0,2,1
2047,CG,103,2,1,1,3,2,2
2048,CG,0,1,2,2,1,1,2
2049,CG,127,2,1,2,2,2,1
2050,CG,118,2,2,1,2,2,2
2051,CG,31,1,2,1,1,1,2
2052,CG,96,2,1,1,1,2,1
2053,CG,7,1,2,2,1,1,2
2054,CG,127,2,1,1,2,2,1
2055,CG,70,2,2,2,1,2,2
2056,CG,123,2,2,1,2,1,2
2057,CG,14,1,2,2,1,1,1
2058,CG,113,2,1,1,2,1,1
2059,CG,97,1,2,2,1,2,1
2060,CG,79,1,1,2,2,2,2
2061,CG,126,2,1,2,2,2,2
2062,CG,1,1,2,1,2,1,2
2063,CG,0,2,1,2,1,2,1
2064,CG,65,1,2,1,2,1,2
2065,CG,126,1,1,1,1,1,1
2066,CG,103,2,1,2,1,2,1
2067,CG,127,1,2,2,2,1,2
2068,CG,39,1,1,2,2,1,1
2069,CG,126,2,1,1,2,1,1
2070,CG,2,1,2,1,1,1,1
2071,CG,127,2,1,3,1,2,1
2072,CG,90,1,2,1,3,1,2
2073,CG,1,1,1,2,1,2,1
2074,CG,127,2,1,1,2,1,2
2075,CG,64,1,2,2,1,1,1
2076,CG,102,2,1,1,2,2,1
2077,CG,103,1,2,1,1,1,2
2078,CG,62,1,1,1,1,1,1
2079,CG,103,2,1,2,1,2,1
2080,CG,122,2,2,2,2,2,2
2081,CG,127,2,2,1,2,2,2
2082,CG,0,1,2,2,1,1,2
2083,CG,127,2,1,2,2,2,1
2084,CG,102,2,2,1,2,2,2
2085,CG,30,1,2,1,1,1,2
2086,CG,96,2,1,1,1,2,1
2087,CG,2,1,2,0,1,1,2
2088,CG,127,2,1,3,0,2,1
2089,CG,127,2,2,2,3,2,2
2090,CG,32,1,2,2,2,1,2
2091,CG,78,1,1,1,2,1,1
2092,CG,115,2,1,1,1,2,1
2093,CG,124,2,2,1,1,2,2
2094,CG,7,1,2,2,1,1,2
2095,CG,98,2,1,2,2,2,1
2096,CG,127,1,2,1,2,1,2
2097,CG,126,2,1,2,1,2,1
2098,CG,110,2,2,2,2,2,2
2099,CG,16,1,2,1,2,1,2
2100,CG,66,2,1,1,1,2,1
2101,CG,127,2,2,1,1,2,2
2102,CG,63,1,2,2,1,2,2
2103,CG,101,2,1,1,2,2,2
2104,CG,122,1,2,0,1,1,2
2105,CG,71,2,1,3,0,2,1
2106,CG,60,1,2,1,3,1,2
2107,CG,71,1,1,2,1,2,1
2108,CG,0,1,1,2,2,2,2
2109,CG,127,2,1,2,2,2,2
2110,CG,126,2,2,1,2,2,2
2111,CG,14,1,2,1,1,1,2
2112,CG,96,2,1,2,1,2,1
2113,CG,7,1,2,1,2,1,2
2114,CG,127,2,1,2,1,2,1
2115,CG,7,1,2,1,2,1,2
2116,CG,97,1,1,1,1,1,1
2117,CG,14,1,1,2,1,2,1
2118,CG,99,2,1,1,2,1,2
2119,CG,121,2,2,2,1,2,1
2120,CG,95,2,2,2,2,2,2
2121,CG,0,1,2,1,2,1,2
2122,CG,127,2,1,2,1,2,1
2123,CG,66,1,2,1,2,1,2
2124,CG,127,2,1,2,1,2,1
2125,CG,48,1,2,1,2,1,2
2126,CG,4,1,1,1,1,1,1
2127,CG,127,2,1,2,1,2,1
2128,CG,31,1,2,2,2,1,2
2129,CG,0,1,1,1,2,1,1
2130,CG,127,1,1,2,1,2,1
2131,CG,127,2,1,2,2,2,2
2132,CG,126,1,2,1,2,1,2
2133,CG,0,1,1,1,1,1,1
2134,CG,14,1,1,2,1,1,1
2135,CG,127,2,1,1,2,2,1
2136,CG,7,1,2,0,1,1,2
2137,CG,96,2,1,2,0,2,1
2138,CG,126,2,2,2,2,2,2
2139,CG,7,1,2,1,2,1,2
2140,CG,96,1,1,2,1,2,1
2141,CG,127,2,1,2,2,2,2
2142,CG,0,1,2,1,2,1,2
2143,CG,127,2,1,2,1,2,1
2144,CG,102,2,2,1,2,2,2
2145,CG,49,1,2,0,1,1,2
2146,CG,14,1,1,3,0,2,1
2147,CG,103,2,1,1,3,2,2
2148,CG,120,2,2,2,1,2,2
2149,CG,7,1,2,1,2,1,2
2150,CG,124,2,1,1,1,2,1
2151,CG,65,1,2,2,1,1,2
2152,CG,6,2,1,1,2,2,1
2153,CG,111,2,2,1,1,2,2
2154,CG,24,1,2,2,1,1,2
2155,CG,0,1,1,0,2,1,1
2156,CG,127,2,1,3,0,2,1
2157,CG,33,1,2,1,3,1,2
2158,CG,127,2,1,1,1,1,1
2159,CG,2,1,2,3,1,2,1
2160,CG,125,2,1,1,3,1,2
2161,CG,126,2,2,2,1,2,1
2162,CG,7,1,2,2,2,1,2
2163,CG,64,1,1,1,2,1,1
2164,CG,127,2,1,2,1,2,1
2165,CG,127,2,2,1,2,2,2
2166,CG,15,1,2,1,1,1,2
2167,CG,120,2,1,2,1,2,1
2168,CG,7,1,2,1,2,1,2
2169,CG,120,1,1,2,1,2,1
2170,CG,127,2,1,1,2,2,2
2171,CG,1,1,2,2,1,2,2
2172,CG,126,1,1,1,2,1,2
2173,CG,127,2,1,2,1,2,1
2174,CG,0,1,2,2,2,1,2
2175,CG,71,2,1,1,2,1,1
2176,CG,66,1,2,1,1,1,1
2177,CG,127,1,1,2,1,1,1
2178,CG,102,2,1,1,2,2,1
2179,CG,127,2,2,2,1,2,2
2180,CG,48,1,2,1,2,1,2
2181,CG,0,1,1,2,1,2,1
2182,CG,127,2,1,2,2,2,2
2183,CG,127,2,2,1,2,2,2
2184,CG,121,1,2,2,1,1,2
2185,CG,126,2,1,2,2,2,1
2186,CG,125,2,2,1,2,2,2
2187,CG,120,2,2,1,1,1,2
2188,CG,7,1,2,2,1,2,1
2189,CG,56,1,1,2,2,1,2
2190,CG,119,1,1,2,2,2,1
2191,CG,102,2,1,1,2,1,2
2192,CG,31,1,2,0,1,1,1
2193,CG,96,2,1,3,0,2,1
2194,CG,6,1,2,1,3,1,2
2195,CG,127,2,1,2,1,2,1
2196,CG,127,2,2,2,2,2,2
2197,CG,3,1,2,1,2,1,2
2198,CG,96,1,1,2,1,1,1
2199,CG,127,2,1,1,2,2,1
2200,CG,3,1,2,2,1,1,2
2201,CG,4,2,1,1,2,1,1
2202,CG,127,2,2,2,1,2,1
2203,CG,0,1,2,2,2,1,2
2204,CG,127,2,1,2,2,2,1
2205,CG,68,1,2,2,2,1,2
2206,CG,3,1,1,2,2,1,1
2207,CG,124,2,1,2,2,2,1
2208,CG,127,2,2,1,2,2,2
2209,CG,3,1,2,1,1,1,2
2210,CG,32,2,1,2,1,2,1
2211,CG,126,1,2,2,2,1,2
2212,CG,0,1,1,1,2,1,1
2213,CG,127,2,1,2,1,2,1
2214,CG,127,2,2,1,2,2,2
2215,CG,96,1,2,1,1,1,2
2216,CG,6,1,1,2,1,2,1
2217,CG,103,2,1,1,2,2,2
2218,CG,120,2,2,2,1,2,2
2219,CG,127,2,2,1,2,1,2
2220,CG,64,2,2,2,1,2,1
2221,CG,63,1,2,2,2,1,2
2222,CG,102,2,1,2,2,2,1
2223,CG,30,1,2,1,2,1,2
2224,CG,96,2,1,2,1,2,1
2225,CG,127,1,2,1,2,1,2
2226,CG,127,2,1,2,1,2,1
2227,CG,71,1,2,1,2,1,2
2228,CG,127,2,1,2,1,2,1
2229,CG,112,1,2,1,2,1,2
2230,CG,0,1,1,1,1,1,1
2231,CG,127,2,1,2,1,2,1
2232,CG,71,1,2,1,2,1,2
2233,CG,112,2,1,1,1,2,1
2234,CG,126,2,2,2,1,2,2
2235,CG,1,1,2,1,2,1,2
2236,CG,28,1,1,1,1,1,1
2237,CG,115,2,1,2,1,2,1
2238,CG,3,1,2,1,2,1,2
2239,CG,124,1,1,2,1,2,1
2240,CG,127,2,1,2,2,2,2
2241,CG,96,2,2,1,2,1,2
2242,CG,31,1,2,2,1,1,1
2243,CG,70,2,1,2,2,2,1
2244,CG,112,1,2,1,2,1,2
2245,CG,31,1,1,2,1,1,1
2246,CG,0,1,1,2,2,2,1
2247,CG,127,2,1,1,2,1,2
2248,CG,127,2,2,2,1,2,1
2249,CG,127,1,2,2,2,1,2
2250,CG,65,1,1,2,2,2,1
2251,CG,4,1,1,1,2,1,2
2252,CG,127,2,1,2,1,2,1
2253,CG,103,2,2,1,2,1,2
2254,CG,15,1,2,2,1,1,1
2255,CG,116,2,1,2,2,2,1
2256,CG,1,1,2,1,2,1,2
2257,CG,127,2,1,2,1,2,1
2258,CG,2,2,2,2,2,2,2
2259,CG,103,2,2,1,2,1,2
2260,CG,126,1,2,2,1,2,1
2261,CG,67,1,1,1,2,1,2
2262,CG,127,2,1,1,1,2,1
2263,CG,127,2,2,1,1,2,2
2264,CG,0,1,2,2,1,1,2
2265,CG,127,1,1,2,2,2,1
2266,CG,126,2,1,1,2,2,2
2267,CG,7,1,2,1,1,1,2
2268,CG,0,1,1,1,1,1,1
2269,CG,127,2,1,2,1,2,1
2270,CG,1,1,2,2,2,1,2
2271,CG,127,2,1,1,2,1,1
2272,CG,127,2,2,1,1,2,1
2273,CG,0,1,2,2,1,1,2
2274,CG,127,2,1,1,2,2,1
2275,CG,124,2,2,2,1,2,2
2276,CG,7,1,2,1,2,1,2
2277,CG,0,1,1,2,1,2,1
2278,CG,127,2,1,1,2,1,2
2279,CG,102,2,2,2,1,2,1
2280,CG,95,1,2,1,2,1,2
2281,CG,96,2,1,2,1,2,1
2282,CG,31,1,2,1,2,1,2
2283,CG,127,1,1,1,1,1,1
2284,CG,70,2,1,2,1,2,1
2285,CG,103,1,2,1,2,1,2
2286,CG,56,1,1,2,1,1,1
2287,CG,0,1,1,2,2,1,1
2288,CG,127,2,1,2,2,2,1
2289,CG,70,2,2,1,2,1,2
2290,CG,64,1,2,2,1,2,1
2291,CG,62,1,1,2,2,2,2
2292,CG,127,2,1,1,2,2,2
2293,CG,15,1,2,1,1,1,2
2294,CG,64,1,1,1,1,1,1
2295,CG,127,2,1,1,1,2,1
2296,CG,1,1,2,1,1,1,2
2297,CG,0,1,1,1,1,1,1
2298,CG,127,2,1,2,1,2,1
2299,CG,0,1,2,2,2,1,2
2300,CG,100,2,1,1,2,1,1
2301,CG,127,2,2,1,1,1,1
2302,CG,0,1,2,2,1,1,1
2303,CG,127,2,1,2,2,2,1
2304,CG,2,1,2,1,2,1,2
2305,CG,100,2,1,1,1,1,1
2306,CG,111,2,2,1,1,2,1
2307,CG,30,1,2,0,1,1,2
2308,CG,103,2,1,3,0,2,1
2309,CG,97,2,2,3,3,2,2
2310,CG,127,2,2,2,3,2,2
2311,CG,0,1,2,1,2,1,2
2312,CG,121,1,1,1,1,1,1
2313,CG,126,2,1,1,1,2,1
2314,CG,24,1,2,2,1,1,2
2315,CG,96,2,1,2,2,2,1
2316,CG,6,1,2,0,2,1,2
2317,CG,127,2,1,3,0,2,1
2318,CG,126,2,2,2,3,2,2
2319,CG,71,1,2,1,2,1,2
2320,CG,112,1,1,2,1,1,1
2321,CG,2,1,1,1,2,1,1
2322,CG,127,2,1,2,1,2,1
2323,CG,98,2,2,2,2,2,2
2324,CG,127,2,2,1,2,2,2
2325,CG,6,1,2,1,1,1,2
2326,CG,103,2,1,2,1,2,1
2327,CG,127,2,2,2,2,2,2
2328,CG,0,1,2,1,2,1,2
2329,CG,4,1,1,1,1,1,1
2330,CG,127,2,1,2,1,2,1
2331,CG,0,1,2,1,2,1,2
2332,CG,7,1,1,1,1,1,1
2333,CG,124,2,1,2,1,2,1
2334,CG,1,1,2,1,2,1,2
2335,CG,127,2,1,2,1,2,1
2336,CG,111,1,2,1,2,1,2
2337,CG,101,1,1,0,1,1,1
2338,CG,2,1,1,3,0,2,1
2339,CG,127,2,1,2,3,2,2
2340,CG,56,1,2,1,2,1,2
2341,CG,71,1,1,1,1,1,1
2342,CG,70,2,1,1,1,2,1
2343,CG,33,1,2,2,1,1,2
2344,CG,126,2,1,1,2,2,1
2345,CG,15,1,2,1,1,1,2
2346,CG,96,2,1,1,1,1,1
2347,CG,7,1,2,2,1,2,1
2348,CG,127,2,1,2,2,2,2
2349,CG,127,2,2,2,2,2,2
2350,CG,0,1,2,1,2,1,2
2351,CG,120,2,1,2,1,2,1
2352,CG,2,1,2,1,2,1,2
2353,CG,127,2,1,2,1,2,1
2354,CG,71,2,2,1,2,1,2
2355,CG,101,1,2,2,1,1,1
2356,CG,126,2,1,2,2,2,1
2357,CG,7,1,2,1,2,1,2
2358,CG,96,1,1,2,1,1,1
2359,CG,127,2,1,2,2,2,1
2360,CG,0,1,2,1,2,1,2
2361,CG,122,2,1,2,1,2,1
2362,CG,127,2,2,1,2,2,2
2363,CG,1,1,2,1,1,1,2
2364,CG,126,1,1,1,1,1,1
2365,CG,0,1,1,0,1,1,1
2366,CG,127,2,1,3,0,2,1
2367,CG,7,1,2,1,3,1,2
2368,CG,115,2,1,2,1,2,1
2369,CG,14,1,2,0,2,1,2
2370,CG,97,2,1,3,0,2,1
2371,CG,126,2,2,2,3,2,2
2372,CG,31,1,2,1,2,1,2
2373,CG,64,2,1,1,1,2,1
2374,CG,5,1,2,2,1,2,2
2375,CG,126,2,1,1,2,2,2
2376,CG,126,1,2,1,1,1,2
2377,CG,65,1,1,1,1,1,1
2378,CG,0,1,1,1,1,1,1
2379,CG,127,2,1,2,1,2,1
2380,CG,98,2,2,2,2,2,2
2381,CG,31,1,2,2,2,1,2
2382,CG,96,2,1,2,2,2,1
2383,CG,94,2,2,1,2,1,2
2384,CG,127,1,2,2,1,1,1
2385,CG,127,2,1,2,2,2,1
2386,CG,7,1,2,1,2,1,2
2387,CG,112,2,1,2,1,2,1
2388,CG,95,2,2,1,2,1,2
2389,CG,63,1,2,2,1,1,1
2390,CG,68,2,1,2,2,2,1
2391,CG,127,2,2,2,2,2,2
2392,CG,0,1,2,1,2,1,2
2393,CG,98,2,1,2,1,2,1
2394,CG,127,1,2,2,2,1,2
2395,CG,0,1,1,1,2,1,1
2396,CG,0,1,1,1,1,1,1
2397,CG,127,2,1,2,1,2,1
2398,CG,36,2,2,1,2,1,2
2399,CG,15,1,2,2,1,1,1
2400,CG,96,2,1,2,2,2,1
2401,CG,14,1,2,1,2,1,2
2402,CG,127,2,1,1,1,1,1
2403,CG,70,2,2,2,1,2,1
2404,CG,2,1,2,2,2,1,2
2405,CG,96,2,1,2,2,2,1
2406,CG,15,1,2,1,2,1,2
2407,CG,127,2,1,2,1,2,1
2408,CG,102,2,2,1,2,1,2
2409,CG,95,1,2,1,1,1,1
2410,CG,96,2,1,2,1,2,1
2411,CG,7,1,2,1,2,1,2
2412,CG,127,2,1,2,1,2,1
2413,CG,0,1,2,1,2,1,2
2414,CG,111,2,1,1,1,2,1
2415,CG,94,1,2,1,1,1,2
2416,CG,0,1,1,2,1,1,1
2417,CG,127,2,1,2,2,2,1
2418,CG,63,1,2,1,2,1,2
2419,CG,64,1,1,1,1,1,1
2420,CG,126,2,1,2,1,2,1
2421,CG,35,2,2,2,2,2,2
2422,CG,92,1,2,1,2,1,2
2423,CG,103,2,1,1,1,1,1
2424,CG,0,1,2,2,1,1,1
2425,CG,122,1,1,1,2,1,1
2426,CG,127,2,1,0,1,1,1
2427,CG,0,1,2,3,0,2,1
2428,CG,24,1,1,2,3,1,2
2429,CG,70,2,1,1,2,2,1
2430,CG,63,1,2,1,1,1,2
2431,CG,127,2,1,2,1,2,1
2432,CG,119,2,2,2,2,2,2
2433,CG,124,1,2,2,2,1,2
2434,CG,103,2,1,1,2,2,1
2435,CG,96,1,2,1,1,1,2
2436,CG,95,1,1,1,1,1,1
2437,CG,0,1,1,1,1,1,1
2438,CG,127,2,1,2,1,2,1
2439,CG,102,2,2,1,2,2,2
2440,CG,31,1,2,1,1,1,2
2441,CG,98,2,1,3,1,2,1
2442,CG,0,1,2,1,3,1,2
2443,CG,127,2,1,1,1,2,1
2444,CG,70,2,2,2,1,2,2
2445,CG,47,1,2,1,2,1,2
2446,CG,126,2,1,2,1,2,1
2447,CG,7,1,2,1,2,1,2
2448,CG,120,2,1,2,1,2,1
2449,CG,127,2,2,1,2,1,2
2450,CG,0,1,2,2,1,1,1
2451,CG,127,2,1,1,2,1,1
2452,CG,127,2,2,1,1,2,1
2453,CG,3,1,2,2,1,1,2
2454,CG,0,1,1,1,2,1,1
2455,CG,127,2,1,1,1,2,1
2456,CG,103,1,2,0,1,1,2
2457,CG,6,1,1,1,0,1,1
2458,CG,64,2,1,3,1,2,1
2459,CG,33,1,2,2,3,1,2
2460,CG,126,2,1,1,2,2,1
2461,CG,94,1,2,2,1,1,2
2462,CG,96,1,1,1,2,1,1
2463,CG,94,2,1,1,1,2,1
2464,CG,127,2,2,2,1,2,2
2465,CG,64,1,2,0,2,1,2
2466,CG,7,1,1,1,0,1,1
2467,CG,96,2,1,3,1,2,1
2468,CG,7,1,2,1,3,1,2
2469,CG,127,2,1,1,1,2,1
2470,CG,103,2,2,2,1,2,2
2471,CG,63,1,2,1,2,1,2
2472,CG,96,1,1,1,1,1,1
2473,CG,70,1,1,0,1,1,1
2474,CG,127,2,1,3,0,2,1
2475,CG,102,2,2,2,3,2,2
2476,CG,79,2,2,2,2,2,2
2477,CG,126,1,2,1,2,1,2
2478,CG,95,2,1,0,1,1,1
2479,CG,103,2,2,3,0,2,1
2480,CG,0,1,2,1,3,1,2
2481,CG,127,2,1,2,1,2,1
2482,CG,94,2,2,2,2,2,2
2483,CG,126,1,2,1,2,1,2
2484,CG,32,1,1,2,1,2,1
2485,CG,30,1,1,1,2,1,2
2486,CG,127,1,1,2,1,2,1
2487,CG,102,2,1,1,2,2,2
2488,CG,30,1,2,2,1,1,2
2489,CG,96,2,1,2,2,2,1
2490,CG,4,1,2,1,2,1,2
2491,CG,127,2,1,2,1,2,1
2492,CG,103,2,2,1,2,2,2
2493,CG,31,1,2,2,1,1,2
2494,CG,96,2,1,1,2,2,1
2495,CG,127,1,2,2,1,2,2
2496,CG,127,2,1,1,2,2,2
2497,CG,66,1,2,2,1,2,2
2498,CG,103,2,1,1,2,1,2
2499,CG,126,2,2,2,1,2,1
2500,CG,1,1,2,1,2,1,2
2501,CG,127,2,1,2,1,2,1
2502,CG,95,1,2,1,2,1,2
2503,CG,2,1,1,1,1,1,1
2504,CG,96,1,1,2,1,1,1
2505,CG,103,2,1,2,2,2,1
2506,CG,126,2,2,2,2,2,2
2507,CG,7,1,2,1,2,1,2
2508,CG,0,2,1,1,1,1,1
2509,CG,127,2,2,2,1,2,1
2510,CG,126,2,2,1,2,2,2
2511,CG,31,1,2,2,1,1,2
2512,CG,96,1,1,2,2,2,1
2513,CG,14,1,1,1,2,1,2
2514,CG,127,2,1,2,1,2,1
2515,CG,102,2,2,2,2,2,2
2516,CG,30,1,2,0,2,1,2
2517,CG,96,2,1,3,0,2,1
2518,CG,127,2,2,2,3,2,2
2519,CG,123,1,2,2,2,1,2
2520,CG,126,2,1,2,2,2,1
2521,CG,15,1,2,1,2,1,2
2522,CG,96,2,1,2,1,2,1
2523,CG,78,2,2,1,2,1,2
2524,CG,127,2,2,2,1,2,1
2525,CG,126,2,2,1,2,2,2
2526,CG,63,1,2,2,1,1,2
2527,CG,64,2,1,1,2,2,1
2528,CG,95,2,2,1,1,1,2
2529,CG,127,1,2,1,1,1,1
2530,CG,103,2,1,0,1,1,1
2531,CG,15,1,2,1,0,1,1
2532,CG,96,2,1,3,1,2,1
2533,CG,3,1,2,1,3,1,2
2534,CG,127,2,1,1,1,2,1
2535,CG,0,1,2,2,1,2,2
2536,CG,7,1,1,1,2,1,2
2537,CG,126,2,1,1,1,1,1
2538,CG,0,1,2,2,1,2,1
2539,CG,127,1,1,2,2,2,2
2540,CG,70,2,1,1,2,2,2
2541,CG,31,1,2,1,1,1,2
2542,CG,124,2,1,1,1,1,1
2543,CG,0,1,2,2,1,1,1
2544,CG,127,2,1,2,2,2,1
2545,CG,70,2,2,1,2,1,2
2546,CG,111,2,2,1,1,1,1
2547,CG,30,1,2,2,1,2,1
2548,CG,64,1,1,0,2,1,2
2549,CG,127,2,1,3,0,2,1
2550,CG,7,1,2,1,3,1,2
2551,CG,64,1,1,0,1,1,1
2552,CG,126,2,1,2,0,2,1
2553,CG,127,2,2,3,2,2,2
2554,CG,86,1,2,1,3,1,2
2555,CG,1,1,1,2,1,1,1
2556,CG,70,1,1,0,2,1,1
2557,CG,127,2,1,3,0,2,1
2558,CG,0,1,2,0,3,1,2
2559,CG,94,1,1,2,0,2,1
2560,CG,96,2,1,2,2,2,2
2561,CG,78,2,2,3,2,2,2
2562,CG,63,1,2,2,3,2,2
2563,CG,126,2,1,2,2,2,2
2564,CG,15,1,2,1,2,1,2
2565,CG,96,2,1,1,1,1,1
2566,CG,14,1,2,2,1,2,1
2567,CG,127,1,1,1,2,1,2
2568,CG,103,2,1,1,1,2,1
2569,CG,0,0,2,0,1,0,2
2570,CG,126,2,0,1,0,2,0
2571,CG,94,2,2,1,1,2,2
2572,CG,127,2,2,3,1,2,2
2573,CG,57,1,2,3,3,1,2
2574,CG,94,3,1,3,3,3,1
2575,CG,63,2,3,1,3,1,3
2576,CG,127,2,2,2,1,2,1
2577,CG,37,1,2,2,2,2,2
2578,CG,126,2,1,1,2,1,2
2579,CG,103,1,2,2,1,2,1
2580,CG,42,2,1,1,2,2,2
2581,CG,39,1,2,1,1,1,2
2582,CG,103,1,1,2,1,2,1
2583,CG,127,3,1,3,2,3,2
2584,CG,127,2,3,2,3,2,3
2585,CG,0,0,2,0,2,0,2
2586,CG,102,2,0,0,0,1,0
2587,CG,24,1,2,0,0,1,1
2588,CG,0,1,1,3,0,2,1
2589,CG,62,2,1,2,3,2,2
2590,CG,5,2,2,1,2,1,2
2591,CG,57,1,2,2,1,1,1
2592,CG,70,2,1,2,2,2,1
2593,CG,7,1,2,1,2,1,2
2594,CG,96,2,1,2,1,2,1
2595,CG,127,2,2,1,2,2,2
2596,CG,16,1,2,2,1,1,2
2597,CG,111,2,1,1,2,2,1
2598,CG,1,1,2,1,1,1,2
2599,CG,60,2,1,2,1,2,1
2600,CG,102,1,2,0,2,1,2
2601,CG,64,1,1,3,0,2,1
2602,CG,127,2,1,2,3,2,2
2603,CG,127,2,2,1,2,2,2
2604,CG,127,2,2,1,1,2,2
2605,CG,38,1,2,1,1,1,2
2606,CG,60,2,1,2,1,2,1
2607,CG,31,1,2,2,2,1,2
2608,CG,0,1,1,1,2,1,1
2609,CG,127,2,1,1,1,2,1
2610,CG,64,1,2,2,1,1,2
2611,CG,15,1,1,1,2,1,1
2612,CG,116,2,1,0,1,1,1
2613,CG,63,1,2,3,0,2,1
2614,CG,14,1,1,2,3,1,2
2615,CG,0,1,1,1,2,1,1
2616,CG,126,2,1,1,1,2,1
2617,CG,127,1,2,2,1,2,2
2618,CG,1,1,1,1,2,1,2
2619,CG,3,1,1,1,1,1,1
2620,CG,112,2,1,2,1,2,1
2621,CG,31,1,2,0,2,1,2
2622,CG,96,2,1,3,0,2,1
2623,CG,31,2,2,2,3,2,2
2624,CG,112,2,2,2,2,2,2
2625,CG,63,1,2,1,2,1,2
2626,CG,126,1,1,2,1,2,1
2627,CG,103,2,1,1,2,2,2
2628,CG,9,1,2,2,1,1,2
2629,CG,0,1,1,1,2,1,1
2630,CG,126,2,1,0,1,1,1
2631,CG,127,2,2,3,0,2,1
2632,CG,127,2,2,2,3,2,2
2633,CG,5,1,2,1,2,1,2
2634,CG,96,2,1,1,1,1,1
2635,CG,127,2,2,0,1,1,1
2636,CG,7,1,2,3,0,2,1
2637,CG,32,2,1,2,3,2,2
2638,CG,127,2,2,1,2,2,2
2639,CG,1,1,2,2,1,1,2
2640,CG,24,1,1,2,2,1,1
2641,CG,103,2,1,1,2,2,1
2642,CG,96,2,2,1,1,2,2
2643,CG,31,1,2,0,1,1,2
2644,CG,96,2,1,3,0,2,1
2645,CG,99,1,2,2,3,1,2
2646,CG,102,2,1,1,2,2,1
2647,CG,15,1,2,1,1,1,2
2648,CG,96,2,1,2,1,2,1
2649,CG,71,1,2,1,2,1,2
2650,CG,112,2,1,2,1,2,1
2651,CG,127,2,2,2,2,2,2
2652,CG,94,1,2,2,2,1,2
2653,CG,1,1,1,1,2,1,1
2654,CG,126,2,1,1,1,2,1
2655,CG,95,2,2,2,1,2,2
2656,CG,112,1,2,2,2,1,2
2657,CG,7,1,1,0,2,1,1
2658,CG,96,2,1,2,0,2,1
2659,CG,95,1,2,3,2,2,2
2660,CG,96,2,1,2,3,2,2
2661,CG,127,2,2,1,2,2,2
2662,CG,0,1,2,1,1,1,2
2663,CG,127,2,1,2,1,2,1
2664,CG,126,2,2,2,2,2,2
2665,CG,1,1,2,0,2,1,2
2666,CG,126,2,1,0,0,2,1
2667,CG,127,2,2,3,0,2,2
2668,CG,0,1,2,1,3,1,2
2669,CG,116,2,1,1,1,2,1
2670,CG,31,1,2,1,1,1,2
2671,CG,96,2,1,1,1,2,1
2672,CG,2,1,2,1,1,1,2
2673,CG,127,2,1,2,1,2,1
2674,CG,7,1,2,1,2,1,2
2675,CG,97,2,1,1,1,2,1
2676,CG,126,1,2,2,1,1,2
2677,CG,101,2,1,1,2,2,1
2678,CG,126,1,2,2,1,2,2
2679,CG,67,1,1,2,2,1,2
2680,CG,60,1,1,2,2,2,1
2681,CG,127,1,1,1,2,1,2
2682,CG,70,2,1,1,1,2,1
2683,CG,125,2,2,2,1,2,2
2684,CG,126,1,2,1,2,1,2
2685,CG,91,2,1,2,1,2,1
2686,CG,0,1,2,1,2,1,2
2687,CG,127,2,1,2,1,2,1
2688,CG,7,1,2,1,2,1,2
2689,CG,120,2,1,2,1,2,1
2690,CG,127,2,2,2,2,2,2
2691,CG,0,1,2,1,2,1,2
2692,CG,66,1,1,1,1,1,1
2693,CG,127,2,1,2,1,2,1
2694,CG,100,1,2,2,2,2,2
2695,CG,71,1,1,1,2,1,2
2696,CG,0,1,1,1,1,1,1
2697,CG,127,2,1,2,1,2,1
2698,CG,6,2,2,2,2,2,2
2699,CG,127,2,2,2,2,2,2
2700,CG,56,1,2,1,2,1,2
2701,CG,0,1,1,1,1,1,1
2702,CG,127,2,1,1,1,2,1
2703,CG,127,1,2,2,1,2,2
2704,CG,127,2,1,2,2,2,2
2705,CG,0,1,2,1,2,1,2
2706,CG,32,2,1,1,1,2,1
2707,CG,123,2,2,1,1,1,2
2708,CG,94,1,2,0,1,1,1
2709,CG,113,2,1,1,0,2,1
2710,CG,30,1,2,3,1,2,2
2711,CG,65,1,1,1,3,1,2
2712,CG,8,1,1,1,1,1,1
2713,CG,127,2,1,2,1,2,1
2714,CG,31,1,2,0,2,1,2
2715,CG,64,1,1,1,0,1,1
2716,CG,126,2,1,2,1,2,1
2717,CG,1,2,2,2,2,2,2
2718,CG,6,1,2,1,2,1,2
2719,CG,124,2,1,2,1,2,1
2720,CG,7,1,2,1,2,1,2
2721,CG,24,1,1,1,1,1,1
2722,CG,65,2,1,2,1,2,1
2723,CG,4,1,2,2,2,1,2
2724,CG,127,2,1,2,2,2,1
2725,CG,126,2,2,2,2,2,2
2726,CG,1,1,2,1,2,1,2
2727,CG,126,1,1,1,1,1,1
2728,CG,127,2,1,2,1,2,1
2729,CG,126,1,2,1,2,1,2
2730,CG,67,1,1,2,1,1,1
2731,CG,20,2,1,2,2,2,1
2732,CG,127,1,2,2,2,2,2
2733,CG,98,2,1,1,2,2,2
2734,CG,127,2,2,1,1,2,2
2735,CG,6,1,2,1,1,1,2
2736,CG,123,2,1,2,1,2,1
2737,CG,126,1,2,1,2,1,2
2738,CG,2,1,1,2,1,2,1
2739,CG,16,1,1,1,2,1,2
2740,CG,127,2,1,2,1,2,1
2741,CG,102,2,2,1,2,1,2
2742,CG,10,1,2,1,1,1,1
2743,CG,96,2,1,3,1,2,1
2744,CG,31,1,2,2,3,1,2
2745,CG,127,1,1,1,2,1,1
2746,CG,126,2,1,2,1,2,1
2747,CG,3,1,2,1,2,1,2
2748,CG,112,2,1,1,1,2,1
2749,CG,95,1,2,2,1,2,2
2750,CG,127,2,1,2,2,2,2
2751,CG,126,2,2,1,2,1,2
2752,CG,71,2,2,2,1,2,1
2753,CG,120,1,2,1,2,1,2
2754,CG,0,1,1,0,1,1,1
2755,CG,127,2,1,3,0,2,1
2756,CG,127,2,2,2,3,2,2
2757,CG,32,2,2,1,2,2,2
2758,CG,2,1,2,1,1,1,2
2759,CG,127,2,1,2,1,2,1
2760,CG,30,1,2,2,2,1,2
2761,CG,0,1,1,1,2,1,1
2762,CG,126,2,1,2,1,2,1
2763,CG,127,1,2,2,2,2,2
2764,CG,127,2,1,2,2,2,2
2765,CG,125,2,2,1,2,1,2
2766,CG,6,1,2,1,1,1,1
2767,CG,127,2,1,2,1,2,1
2768,CG,8,1,2,1,2,1,2
2769,CG,96,2,1,2,1,2,1
2770,CG,30,1,2,1,2,1,2
2771,CG,127,2,1,1,1,2,1
2772,CG,102,2,2,2,1,2,2
2773,CG,127,2,2,1,2,1,2
2774,CG,70,1,2,2,1,1,1
2775,CG,97,2,1,1,2,2,1
2776,CG,30,1,2,2,1,1,2
2777,CG,96,2,1,1,2,2,1
2778,CG,4,1,2,1,1,1,2
2779,CG,127,2,1,2,1,2,1
2780,CG,39,2,2,1,2,2,2
2781,CG,101,1,2,2,1,2,2
2782,CG,94,1,1,2,2,1,2
2783,CG,103,2,1,1,2,2,1
2784,CG,127,2,2,2,1,2,2
2785,CG,3,1,2,1,2,1,2
2786,CG,112,2,1,0,1,1,1
2787,CG,127,1,2,3,0,2,1
2788,CG,102,2,1,2,3,2,2
2789,CG,79,1,2,1,2,1,2
2790,CG,126,2,1,2,1,2,1
2791,CG,3,1,2,1,2,1,2
2792,CG,112,2,1,2,1,2,1
2793,CG,71,1,2,2,2,1,2
2794,CG,0,1,1,1,2,1,1
2795,CG,127,2,1,3,1,2,1
2796,CG,102,2,2,1,3,2,2
2797,CG,111,2,2,2,1,2,2
2798,CG,92,1,2,1,2,1,2
2799,CG,67,2,1,2,1,2,1
2800,CG,127,2,2,2,2,2,2
2801,CG,7,1,2,1,2,1,2
2802,CG,64,2,1,1,1,1,1
2803,CG,127,1,2,2,1,2,1
2804,CG,127,2,1,2,2,2,2
2805,CG,65,1,2,1,2,1,2
2806,CG,126,2,1,2,1,2,1
2807,CG,1,1,2,0,2,1,2
2808,CG,30,1,1,3,0,2,1
2809,CG,36,2,1,1,3,2,2
2810,CG,126,1,2,1,1,1,2
2811,CG,127,1,1,0,1,1,1
2812,CG,102,2,1,3,0,2,1
2813,CG,127,2,2,2,3,2,2
2814,CG,10,1,2,1,2,1,2
2815,CG,115,2,1,2,1,2,1
2816,CG,124,2,2,2,2,2,2
2817,CG,71,1,2,1,2,1,2
2818,CG,112,2,1,1,1,2,1
2819,CG,95,1,2,1,1,1,2
2820,CG,98,2,1,2,1,2,1
2821,CG,127,2,2,2,2,2,2
2822,CG,78,1,2,1,2,1,2
2823,CG,127,2,1,1,1,2,1
2824,CG,30,1,2,1,1,1,2
2825,CG,96,2,1,1,1,1,1
2826,CG,14,2,2,2,1,2,1
2827,CG,127,1,2,1,2,1,2
2828,CG,103,2,1,2,1,2,1
2829,CG,125,2,2,1,2,2,2
2830,CG,126,2,2,2,1,2,2
2831,CG,99,2,2,1,2,2,2
2832,CG,6,1,2,1,1,1,2
2833,CG,96,2,1,2,1,2,1
2834,CG,6,1,2,1,2,1,2
2835,CG,127,2,1,2,1,2,1
2836,CG,70,2,2,1,2,2,2
2837,CG,127,2,2,1,1,2,2
2838,CG,24,1,2,2,1,1,2
2839,CG,103,2,1,1,2,2,1
2840,CG,62,1,2,2,1,2,2
2841,CG,7,1,1,1,2,1,2
2842,CG,0,1,1,2,1,2,1
2843,CG,127,2,1,1,2,2,2
2844,CG,101,1,2,1,1,1,2
2845,CG,127,2,1,1,1,1,1
2846,CG,6,1,2,2,1,2,1
2847,CG,127,2,1,2,2,2,2
2848,CG,94,1,2,2,2,1,2
2849,CG,64,2,1,2,2,2,1
2850,CG,126,2,2,1,2,1,2
2851,CG,123,1,2,2,1,2,1
2852,CG,126,2,1,2,2,2,2
2853,CG,0,1,2,1,2,1,2
2854,CG,64,1,1,1,1,1,1
2855,CG,126,2,1,1,1,1,1
2856,CG,31,1,2,2,1,1,1
2857,CG,96,2,1,2,2,2,1
2858,CG,14,1,2,1,2,1,2
2859,CG,127,2,1,2,1,2,1
2860,CG,7,2,2,2,2,2,2
2861,CG,125,2,2,1,2,2,2
2862,CG,6,1,2,2,1,1,2
2863,CG,103,2,1,1,2,2,1
2864,CG,63,1,2,2,1,1,2
2865,CG,64,2,1,2,2,2,1
2866,CG,127,2,2,1,2,1,2
2867,CG,125,1,2,0,1,1,1
2868,CG,103,2,1,3,0,2,1
2869,CG,61,2,2,2,3,2,2
2870,CG,98,1,2,1,2,1,2
2871,CG,103,2,1,1,1,2,1
2872,CG,30,1,2,1,1,1,2
2873,CG,96,2,1,2,1,2,1
2874,CG,30,1,2,1,2,1,2
2875,CG,127,2,1,2,1,2,1
2876,CG,101,2,2,1,2,1,2
2877,CG,127,2,2,2,1,2,1
2878,CG,2,1,2,1,2,1,2
2879,CG,101,2,1,2,1,2,1
2880,CG,6,1,2,1,2,1,2
2881,CG,112,2,1,2,1,2,1
2882,CG,7,1,2,1,2,1,2
2883,CG,127,2,1,2,1,2,1
2884,CG,127,2,2,1,2,1,2
2885,CG,0,1,2,2,1,2,1
2886,CG,127,1,1,1,2,1,2
2887,CG,103,2,1,2,1,2,1
2888,CG,31,1,2,1,2,1,2
2889,CG,96,2,1,2,1,2,1
2890,CG,94,1,2,1,2,1,2
2891,CG,63,2,1,2,1,2,1
2892,CG,96,2,2,1,2,2,2
2893,CG,127,2,2,1,1,2,2
2894,CG,6,1,2,1,1,1,2
2895,CG,127,2,1,2,1,2,1
2896,CG,126,1,2,2,2,2,2
2897,CG,71,1,1,0,2,1,2
2898,CG,0,1,1,2,0,2,1
2899,CG,127,2,1,3,2,2,2
2900,CG,1,1,2,0,3,1,2
2901,CG,103,2,1,3,0,2,1
2902,CG,92,1,2,2,3,1,2
2903,CG,99,2,1,1,2,2,1
2904,CG,127,2,2,2,1,2,2
2905,CG,71,1,2,1,2,1,2
2906,CG,0,1,1,2,1,1,1
2907,CG,127,1,1,2,2,2,1
2908,CG,62,2,1,1,2,2,2
2909,CG,95,1,2,2,1,1,2
2910,CG,96,2,1,2,2,2,1
2911,CG,15,1,2,0,2,1,2
2912,CG,127,2,1,3,0,2,1
2913,CG,103,2,2,2,3,2,2
2914,CG,115,2,2,1,2,1,2
2915,CG,14,1,2,2,1,1,1
2916,CG,65,2,1,1,2,1,1
2917,CG,127,2,2,2,1,2,1
2918,CG,7,1,2,1,2,1,2
2919,CG,96,2,1,1,1,1,1
2920,CG,127,1,2,2,1,1,1
2921,CG,102,2,1,2,2,2,1
2922,CG,111,2,2,1,2,1,2
2923,CG,88,1,2,2,1,2,1
2924,CG,103,2,1,2,2,2,2
2925,CG,120,2,2,1,2,2,2
2926,CG,15,1,2,1,1,1,2
2927,CG,96,2,1,2,1,2,1
2928,CG,127,1,2,2,2,1,2
2929,CG,102,2,1,2,2,2,1
2930,CG,63,1,2,1,2,1,2
2931,CG,96,2,1,2,1,2,1
2932,CG,6,1,2,1,2,1,2
2933,CG,127,2,1,2,1,2,1
2934,CG,103,2,2,2,2,2,2
2935,CG,99,1,2,1,2,1,2
2936,CG,126,1,1,2,1,1,1
2937,CG,127,2,1,1,2,2,1
2938,CG,6,1,2,2,1,1,2
2939,CG,96,1,1,2,2,2,1
2940,CG,31,1,1,1,2,1,2
2941,CG,127,2,1,2,1,2,1
2942,CG,103,2,2,1,2,1,2
2943,CG,127,2,2,2,1,2,1
2944,CG,6,1,2,1,2,1,2
2945,CG,101,2,1,1,1,2,1
2946,CG,30,1,2,2,1,1,2
2947,CG,96,2,1,2,2,2,1
2948,CG,14,1,2,1,2,1,2
2949,CG,127,1,1,2,1,1,1
2950,CG,127,2,1,1,2,2,1
2951,CG,5,1,2,2,1,1,2
2952,CG,2,1,1,1,2,1,1
2953,CG,127,2,1,1,1,2,1
2954,CG,31,1,2,1,1,1,2
2955,CG,64,2,1,1,1,1,1
2956,CG,30,1,2,0,1,1,1
2957,CG,127,2,1,3,0,2,1
2958,CG,0,2,2,1,3,2,2
2959,CG,127,2,2,2,1,2,2
2960,CG,6,1,2,2,2,1,2
2961,CG,127,2,1,1,2,2,1
2962,CG,30,1,2,0,1,1,2
2963,CG,96,2,1,3,0,2,1
2964,CG,63,2,2,1,3,1,2
2965,CG,127,1,2,2,1,1,1
2966,CG,126,2,1,1,2,2,1
2967,CG,123,2,2,0,1,1,2
2968,CG,6,1,2,2,0,1,1
2969,CG,115,2,1,2,2,2,1
2970,CG,94,1,2,2,2,1,2
2971,CG,1,1,1,1,2,1,1
2972,CG,14,1,1,1,1,1,1
2973,CG,127,2,1,1,1,2,1
2974,CG,127,2,2,2,1,2,2
2975,CG,121,2,2,2,2,2,2
2976,CG,14,1,2,2,2,1,2
2977,CG,127,2,1,2,2,2,1
2978,CG,14,1,2,1,2,1,2
2979,CG,96,1,1,1,1,1,1
2980,CG,6,1,1,2,1,2,1
2981,CG,127,2,1,1,2,2,2
2982,CG,39,2,2,1,1,2,2
2983,CG,121,2,2,2,1,2,2
2984,CG,126,1,2,1,2,1,2
2985,CG,1,2,1,2,1,2,1
2986,CG,127,1,2,1,2,1,2
2987,CG,0,2,1,2,1,2,1
2988,CG,14,1,2,1,2,1,2
2989,CG,127,2,1,2,1,2,1
2990,CG,127,2,2,1,2,2,2
2991,CG,7,1,2,2,1,1,2
2992,CG,64,1,1,1,2,1,1
2993,CG,127,2,1,0,1,1,1
2994,CG,31,1,2,3,0,2,1
2995,CG,64,2,1,2,3,2,2
2996,CG,94,1,2,1,2,1,2
2997,CG,127,2,1,1,1,1,1
2998,CG,70,2,2,3,1,2,1
2999,CG,125,1,2,1,3,1,2
3000,CG,98,1,1,1,1,1,1
3001,CG,95,2,1,2,1,2,1
3002,CG,30,1,2,1,2,1,2
3003,CG,96,1,1,1,1,1,1
3004,CG,94,2,1,3,1,2,1
3005,CG,127,1,2,2,3,2,2
3006,CG,127,2,1,2,2,2,2
3007,CG,125,2,2,1,2,1,2
3008,CG,6,1,2,0,1,1,1
3009,CG,127,2,1,3,0,2,1
3010,CG,94,1,2,1,3,1,2
3011,CG,65,1,1,2,1,2,1
3012,CG,28,1,1,2,2,2,2
3013,CG,127,2,1,1,2,1,2
3014,CG,103,2,2,2,1,2,1
3015,CG,123,2,2,1,2,1,2
3016,CG,46,1,2,0,1,1,1
3017,CG,63,2,1,1,0,1,1
3018,CG,6,1,2,3,1,2,1
3019,CG,96,2,1,1,3,2,2
3020,CG,30,1,2,2,1,1,2
3021,CG,127,2,1,2,2,2,1
3022,CG,63,2,2,1,2,2,2
3023,CG,125,1,2,2,1,2,2
3024,CG,126,1,1,1,2,1,2
3025,CG,101,2,1,1,1,2,1
3026,CG,30,1,2,1,1,1,2
3027,CG,32,2,1,2,1,2,1
3028,CG,31,1,2,1,2,1,2
3029,CG,127,1,1,0,1,1,1
3030,CG,127,2,1,3,0,2,1
3031,CG,2,1,2,1,3,1,2
3032,CG,125,1,1,2,1,1,1
3033,CG,71,2,1,2,2,2,1
3034,CG,94,1,2,0,2,1,2
3035,CG,96,1,1,0,0,1,1
3036,CG,94,2,1,3,0,2,1
3037,CG,127,2,2,2,3,2,2
3038,CG,2,2,2,1,2,2,2
3039,CG,127,2,2,2,1,2,2
3040,CG,6,1,2,1,2,1,2
3041,CG,69,2,1,2,1,2,1
3042,CG,94,1,2,1,2,1,2
3043,CG,96,2,1,1,1,2,1
3044,CG,94,2,2,1,1,1,2
3045,CG,127,1,2,2,1,2,1
3046,CG,126,2,1,1,2,2,2
3047,CG,127,2,2,2,1,2,2
3048,CG,6,1,2,1,2,1,2
3049,CG,125,2,1,1,1,2,1
3050,CG,30,1,2,2,1,1,2
3051,CG,96,2,1,1,2,2,1
3052,CG,30,1,2,1,1,1,2
3053,CG,127,2,1,2,1,2,1
3054,CG,127,1,2,2,2,2,2
3055,CG,127,2,1,1,2,2,2
3056,CG,30,1,2,1,1,1,2
3057,CG,33,2,1,2,1,2,1
3058,CG,31,1,2,1,2,1,2
3059,CG,96,2,1,2,1,2,1
3060,CG,78,1,2,1,2,1,2
3061,CG,63,2,1,2,1,2,1
3062,CG,126,2,2,1,2,1,2
3063,CG,127,2,2,1,1,1,1
3064,CG,0,1,2,1,1,1,1
3065,CG,127,2,1,3,1,2,1
3066,CG,30,1,2,1,3,1,2
3067,CG,96,2,1,2,1,2,1
3068,CG,6,1,2,1,2,1,2
3069,CG,127,2,1,2,1,2,1
3070,CG,95,1,2,1,2,1,2
3071,CG,98,1,1,1,1,1,1
3072,CG,33,1,1,0,1,1,1
3073,CG,126,2,1,3,0,2,1
3074,CG,97,1,2,1,3,1,2
3075,CG,14,1,1,2,1,1,1
3076,CG,123,2,1,1,2,2,1
3077,CG,14,1,2,1,1,1,2
3078,CG,64,1,1,1,1,1,1
3079,CG,14,1,1,1,1,1,1
3080,CG,127,2,1,2,1,2,1
3081,CG,71,1,2,1,2,1,2
3082,CG,126,2,1,1,1,2,1
3083,CG,123,1,2,2,1,1,2
3084,CG,102,2,1,2,2,2,1
3085,CG,79,1,2,1,2,1,2
3086,CG,96,2,1,2,1,2,1
3087,CG,14,1,2,1,2,1,2
3088,CG,127,2,1,1,1,1,1
3089,CG,31,2,2,2,1,2,1
3090,CG,68,2,2,2,2,2,2
3091,CG,127,1,2,2,2,2,2
3092,CG,103,2,1,1,2,2,2
3093,CG,103,2,2,2,1,2,2
3094,CG,94,1,2,1,2,1,2
3095,CG,103,2,1,1,1,2,1
3096,CG,94,1,2,2,1,1,2
3097,CG,2,1,1,2,2,1,1
3098,CG,0,1,1,1,2,1,1
3099,CG,127,2,1,2,1,2,1
3100,CG,4,2,2,1,2,2,2
3101,CG,127,2,2,1,1,1,2
3102,CG,70,1,2,2,1,2,1
3103,CG,35,2,1,1,2,2,2
3104,CG,30,1,2,1,1,1,2
3105,CG,64,2,1,2,1,2,1
3106,CG,94,1,2,1,2,1,2
3107,CG,127,1,1,2,1,2,1
3108,CG,127,2,1,1,2,2,2
3109,CG,65,1,2,1,1,1,2
3110,CG,64,1,1,2,1,2,1
3111,CG,127,2,1,2,2,2,2
3112,CG,7,1,2,1,2,1,2
3113,CG,112,1,1,1,1,1,1
3114,CG,7,1,1,1,1,1,1
3115,CG,127,2,1,2,1,2,1
3116,CG,31,1,2,1,2,1,2
3117,CG,0,1,1,0,1,1,1
3118,CG,127,2,1,3,0,2,1
3119,CG,102,2,2,2,3,2,2
3120,CG,61,2,2,2,2,2,2
3121,CG,70,1,2,1,2,1,2
3122,CG,127,2,1,2,1,2,1
3123,CG,30,1,2,2,2,2,2
3124,CG,96,2,1,1,2,2,2
3125,CG,7,1,2,1,1,1,2
3126,CG,127,2,1,2,1,2,1
3127,CG,7,1,2,2,2,1,2
3128,CG,64,2,1,1,2,1,1
3129,CG,127,1,2,2,1,1,1
3130,CG,66,2,1,2,2,2,1
3131,CG,127,2,2,1,2,2,2
3132,CG,49,1,2,2,1,1,2
3133,CG,70,2,1,1,2,2,1
3134,CG,127,2,2,2,1,2,2
3135,CG,15,1,2,1,2,1,2
3136,CG,64,1,1,1,1,1,1
3137,CG,127,1,1,2,1,2,1
3138,CG,63,2,1,1,2,2,2
3139,CG,125,2,2,2,1,2,2
3140,CG,126,1,2,2,2,1,2
3141,CG,65,2,1,1,2,1,1
3142,CG,95,1,2,2,1,1,1
3143,CG,96,1,1,1,2,1,1
3144,CG,14,2,1,2,1,2,1
3145,CG,127,2,2,2,2,2,2
3146,CG,31,1,2,1,2,1,2
3147,CG,64,1,1,2,1,2,1
3148,CG,127,1,1,2,2,2,2
3149,CG,102,2,1,1,2,2,2
3150,CG,127,2,2,1,1,2,2
3151,CG,94,1,2,1,1,1,2
3152,CG,99,2,1,2,1,2,1
3153,CG,30,1,2,2,2,1,2
3154,CG,99,2,1,1,2,2,1
3155,CG,28,1,2,1,1,1,2
3156,CG,63,1,1,2,1,1,1
3157,CG,102,2,1,1,2,2,1
3158,CG,127,2,2,1,1,2,2
3159,CG,6,1,2,2,1,2,2
3160,CG,121,2,1,1,2,1,2
3161,CG,7,1,2,2,1,1,1
3162,CG,112,1,1,2,2,1,1
3163,CG,79,2,1,1,2,2,1
3164,CG,126,2,2,2,1,2,2
3165,CG,7,1,2,1,2,1,2
3166,CG,96,1,1,1,1,1,1
3167,CG,63,1,1,2,1,1,1
3168,CG,63,2,1,2,2,2,1
3169,CG,125,1,2,1,2,1,2
3170,CG,70,1,1,2,1,1,1
3171,CG,127,2,1,1,2,2,1
3172,CG,14,1,2,1,1,1,2
3173,CG,112,2,1,2,1,2,1
3174,CG,3,1,2,1,2,1,2
3175,CG,126,2,1,1,1,2,1
3176,CG,127,2,2,2,1,2,2
3177,CG,0,1,2,1,2,1,2
3178,CG,102,1,1,1,1,1,1
3179,CG,127,2,1,2,1,2,1
3180,CG,64,1,2,1,2,1,2
3181,CG,66,1,1,0,1,1,1
3182,CG,101,2,1,3,0,2,1
3183,CG,31,1,2,1,3,1,2
3184,CG,96,2,1,0,1,1,1
3185,CG,14,2,2,3,0,2,1
3186,CG,127,2,2,2,3,2,2
3187,CG,63,1,2,1,2,1,2
3188,CG,64,2,1,2,1,2,1
3189,CG,111,1,2,1,2,1,2
3190,CG,38,2,1,1,1,2,1
3191,CG,127,2,2,1,1,2,2
3192,CG,16,1,2,2,1,1,2
3193,CG,103,2,1,1,2,2,1
3194,CG,126,2,2,2,1,2,2
3195,CG,3,1,2,1,2,1,2
3196,CG,126,2,1,2,1,2,1
3197,CG,31,1,2,2,2,1,2
3198,CG,0,1,1,1,2,1,1
3199,CG,127,2,1,2,1,2,1
3200,CG,1,1,2,1,2,1,2
3201,CG,98,2,1,1,1,2,1
3202,CG,127,2,2,2,1,2,2
3203,CG,1,1,2,1,2,1,2
3204,CG,62,2,1,1,1,1,1
3205,CG,78,1,2,2,1,2,1
3206,CG,112,1,1,1,2,1,2
3207,CG,6,1,1,1,1,1,1
3208,CG,127,2,1,1,1,2,1
3209,CG,31,1,2,2,1,2,2
3210,CG,100,2,1,1,2,2,2
3211,CG,127,2,2,2,1,2,2
3212,CG,96,1,2,1,2,1,2
3213,CG,15,1,1,1,1,1,1
3214,CG,96,2,1,2,1,2,1
3215,CG,31,1,2,2,2,1,2
3216,CG,127,1,1,1,2,1,1
3217,CG,127,2,1,2,1,2,1
3218,CG,33,1,2,2,2,2,2
3219,CG,6,1,1,1,2,1,2
3220,CG,127,2,1,2,1,2,1
3221,CG,0,1,2,0,2,1,2
3222,CG,96,2,1,3,0,2,1
3223,CG,15,1,2,1,3,1,2
3224,CG,127,2,1,1,1,2,1
3225,CG,127,2,2,2,1,2,2
3226,CG,0,1,2,1,2,1,2
3227,CG,32,1,1,0,1,1,1
3228,CG,127,2,1,2,0,2,1
3229,CG,3,1,2,3,2,2,2
3230,CG,14,1,1,1,3,1,2
3231,CG,127,2,1,0,1,1,1
3232,CG,1,1,2,3,0,2,1
3233,CG,56,1,1,2,3,2,2
3234,CG,71,2,1,2,2,2,2
3235,CG,97,2,2,2,2,2,2
3236,CG,63,1,2,1,2,1,2
3237,CG,0,1,1,2,1,1,1
3238,CG,127,1,1,1,2,1,1
3239,CG,126,2,1,2,1,2,1
3240,CG,111,2,2,2,2,2,2
3241,CG,28,1,2,1,2,1,2
3242,CG,111,2,1,0,1,1,1
3243,CG,126,2,2,3,0,2,1
3244,CG,1,1,2,1,3,1,2
3245,CG,0,2,1,3,1,2,1
3246,CG,127,2,2,2,3,2,2
3247,CG,34,2,2,1,2,1,2
3248,CG,123,2,2,2,1,2,1
3249,CG,78,1,2,1,2,1,2
3250,CG,127,2,1,2,1,2,1
3251,CG,60,1,2,2,2,1,2
3252,CG,65,1,1,1,2,1,1
3253,CG,4,1,1,2,1,1,1
3254,CG,127,2,1,2,2,2,1
3255,CG,1,1,2,1,2,1,2
3256,CG,0,1,1,2,1,1,1
3257,CG,127,2,1,2,2,2,1
3258,CG,1,1,2,1,2,1,2
3259,CG,116,2,1,2,1,2,1
3260,CG,30,1,2,2,2,1,2
3261,CG,103,2,1,2,2,2,1
3262,CG,126,1,2,2,2,1,2
3263,CG,67,1,1,1,2,1,1
3264,CG,16,1,1,1,1,1,1
3265,CG,127,1,1,2,1,1,1
3266,CG,126,2,1,1,2,2,1
3267,CG,121,1,2,2,1,2,2
3268,CG,70,1,1,2,2,1,2
3269,CG,123,2,1,2,2,2,1
3270,CG,7,1,2,1,2,1,2
3271,CG,96,2,1,2,1,2,1
3272,CG,95,1,2,1,2,1,2
3273,CG,127,1,1,2,1,2,1
3274,CG,103,2,1,1,2,2,2
3275,CG,125,2,2,1,1,2,2
3276,CG,70,1,2,2,1,1,2
3277,CG,127,2,1,2,2,2,1
3278,CG,15,1,2,1,2,1,2
3279,CG,96,2,1,2,1,2,1
3280,CG,127,2,2,1,2,2,2
3281,CG,127,2,2,2,1,2,2
3282,CG,14,1,2,1,2,1,2
3283,CG,126,2,1,2,1,2,1
3284,CG,0,1,2,1,2,1,2
3285,CG,36,2,1,1,1,1,1
3286,CG,125,2,2,2,1,2,1
3287,CG,98,1,2,2,2,1,2
3288,CG,101,2,1,1,2,2,1
3289,CG,127,2,2,2,1,2,2
3290,CG,0,1,2,2,2,1,2
3291,CG,14,1,1,1,2,1,1
3292,CG,127,2,1,2,1,2,1
3293,CG,35,2,2,1,2,1,2
3294,CG,33,2,2,1,1,1,1
3295,CG,126,1,2,2,1,2,1
3296,CG,127,2,1,2,2,2,2
3297,CG,2,1,2,1,2,1,2
3298,CG,96,2,1,1,1,2,1
3299,CG,15,1,2,1,1,1,2
3300,CG,127,2,1,2,1,2,1
3301,CG,95,2,2,2,2,2,2
3302,CG,96,1,2,1,2,1,2
3303,CG,127,2,1,2,1,2,1
3304,CG,3,1,2,2,2,2,2
3305,CG,32,1,1,1,2,1,2
3306,CG,126,2,1,1,1,2,1
3307,CG,1,1,2,2,1,2,2
3308,CG,30,1,1,1,2,1,2
3309,CG,125,2,1,2,1,2,1
3310,CG,0,1,2,1,2,1,2
3311,CG,127,2,1,2,1,2,1
3312,CG,127,2,2,1,2,1,2
3313,CG,0,1,2,1,1,1,1
3314,CG,127,1,1,2,1,2,1
3315,CG,98,2,1,1,2,2,2
3316,CG,111,2,2,2,1,2,2
3317,CG,24,1,2,2,2,1,2
3318,CG,103,2,1,2,2,2,1
3319,CG,62,1,2,0,2,1,2
3320,CG,64,2,1,2,0,2,1
3321,CG,126,2,2,0,2,1,2
3322,CG,127,2,2,3,0,2,1
3323,CG,37,2,2,1,3,1,2
3324,CG,66,1,2,0,1,1,1
3325,CG,126,1,1,3,0,2,1
3326,CG,102,2,1,2,3,2,2
3327,CG,95,2,2,1,2,1,2
3328,CG,48,1,2,1,1,1,1
3329,CG,127,2,1,2,1,2,1
3330,CG,1,1,2,1,2,1,2
3331,CG,64,1,1,0,1,1,1
3332,CG,126,2,1,3,0,2,1
3333,CG,5,1,2,2,3,1,2
3334,CG,98,2,1,1,2,1,1
3335,CG,126,2,2,2,1,2,1
3336,CG,1,1,2,2,2,1,2
3337,CG,98,2,1,1,2,1,1
3338,CG,15,2,2,2,1,2,1
3339,CG,60,1,2,1,2,1,2
3340,CG,71,2,1,2,1,2,1
3341,CG,127,2,2,2,2,2,2
3342,CG,7,1,2,0,2,1,2
3343,CG,0,2,1,3,0,2,1
3344,CG,127,2,2,3,3,2,2
3345,CG,37,2,2,2,3,2,2
3346,CG,127,2,2,2,2,2,2
3347,CG,6,1,2,1,2,1,2
3348,CG,125,2,1,2,1,2,1
3349,CG,30,1,2,1,2,1,2
3350,CG,96,2,1,2,1,2,1
3351,CG,31,1,2,1,2,1,2
3352,CG,127,2,1,1,1,2,1
3353,CG,7,1,2,2,1,1,2
3354,CG,0,1,1,1,2,1,1
3355,CG,127,2,1,2,1,2,1
3356,CG,0,1,2,2,2,1,2
3357,CG,2,1,1,1,2,1,1
3358,CG,126,2,1,1,1,2,1
3359,CG,1,2,2,1,1,2,2
3360,CG,30,1,2,1,1,1,2
3361,CG,96,2,1,0,1,1,1
3362,CG,6,1,2,1,0,1,1
3363,CG,127,2,1,3,1,2,1
3364,CG,102,2,2,2,3,2,2
3365,CG,121,2,2,1,2,2,2
3366,CG,6,1,2,1,1,1,2
3367,CG,127,2,1,1,1,2,1
3368,CG,8,1,2,2,1,1,2
3369,CG,97,2,1,1,2,2,1
3370,CG,30,1,2,1,1,1,2
3371,CG,127,1,1,1,1,1,1
3372,CG,127,2,1,2,1,2,1
3373,CG,127,2,2,2,2,2,2
3374,CG,6,1,2,1,2,1,2
3375,CG,127,2,1,2,1,2,1
3376,CG,3,1,2,1,2,1,2
3377,CG,96,2,1,2,1,2,1
3378,CG,127,2,2,2,2,2,2
3379,CG,0,1,2,1,2,1,2
3380,CG,15,1,1,1,1,1,1
3381,CG,126,2,1,1,1,2,1
3382,CG,1,1,2,2,1,1,2
3383,CG,96,2,1,1,2,1,1
3384,CG,127,2,2,0,1,1,1
3385,CG,38,1,2,3,0,2,1
3386,CG,101,2,1,1,3,1,2
3387,CG,30,1,2,2,1,1,1
3388,CG,96,2,1,2,2,2,1
3389,CG,14,1,2,1,2,1,2
3390,CG,127,2,1,2,1,2,1
3391,CG,103,2,2,1,2,2,2
3392,CG,59,2,2,2,1,2,2
3393,CG,14,1,2,1,2,1,2
3394,CG,117,2,1,2,1,2,1
3395,CG,14,1,2,1,2,1,2
3396,CG,96,2,1,1,1,2,1
3397,CG,63,1,2,2,1,1,2
3398,CG,127,1,1,1,2,1,1
3399,CG,127,2,1,1,1,2,1
3400,CG,96,1,2,2,1,1,2
3401,CG,127,2,1,1,2,1,1
3402,CG,0,1,2,2,1,2,1
3403,CG,103,2,1,1,2,1,2
3404,CG,127,2,2,2,1,2,1
3405,CG,1,1,2,0,2,1,2
3406,CG,0,1,1,3,0,2,1
3407,CG,32,2,1,2,3,2,2
3408,CG,10,1,2,0,2,1,2
3409,CG,127,2,1,3,0,2,1
3410,CG,127,2,2,1,3,2,2
3411,CG,0,1,2,1,1,1,2
3412,CG,126,1,1,2,1,2,1
3413,CG,127,2,1,1,2,1,2
3414,CG,30,1,2,2,1,1,1
3415,CG,96,2,1,2,2,2,1
3416,CG,94,1,2,1,2,1,2
3417,CG,127,2,1,2,1,2,1
3418,CG,38,2,2,1,2,1,2
3419,CG,127,2,2,2,1,2,1
3420,CG,6,1,2,1,2,1,2
3421,CG,127,2,1,2,1,2,1
3422,CG,4,1,2,1,2,1,2
3423,CG,96,1,1,1,1,1,1
3424,CG,126,2,1,2,1,2,1
3425,CG,127,1,2,2,2,1,2
3426,CG,36,1,1,1,2,1,1
3427,CG,127,2,1,2,1,2,1
3428,CG,0,1,2,1,2,1,2
3429,CG,96,2,1,2,1,2,1
3430,CG,127,2,2,2,2,2,2
3431,CG,0,1,2,1,2,1,2
3432,CG,127,2,1,2,1,2,1
3433,CG,30,1,2,1,2,1,2
3434,CG,96,2,1,1,1,1,1
3435,CG,14,1,2,1,1,1,1
3436,CG,127,2,1,2,1,2,1
3437,CG,102,2,2,1,2,2,2
3438,CG,121,2,2,1,1,1,2
3439,CG,14,1,2,2,1,1,1
3440,CG,125,2,1,2,2,2,1
3441,CG,30,1,2,0,2,1,2
3442,CG,96,2,1,3,0,2,1
3443,CG,14,1,2,1,3,1,2
3444,CG,127,2,1,2,1,2,1
3445,CG,103,2,2,1,2,2,2
3446,CG,113,2,2,2,1,2,2
3447,CG,126,1,2,2,2,2,2
3448,CG,95,2,1,1,2,2,2
3449,CG,92,1,2,1,1,1,2
3450,CG,119,2,1,2,1,2,1
3451,CG,0,1,2,2,2,1,2
3452,CG,126,2,1,2,2,2,1
3453,CG,127,2,2,1,2,2,2
3454,CG,1,1,2,2,1,1,2
3455,CG,0,1,1,1,2,1,1
3456,CG,127,2,1,1,1,2,1
3457,CG,121,1,2,1,1,1,2
3458,CG,70,1,1,3,1,2,1
3459,CG,1,2,1,1,3,1,2
3460,CG,94,1,2,2,1,2,1
3461,CG,96,2,1,1,2,1,2
3462,CG,31,2,2,2,1,2,1
3463,CG,127,1,2,1,2,1,2
3464,CG,127,2,1,3,1,2,1
3465,CG,127,2,2,1,3,1,2
3466,CG,33,1,2,1,1,1,1
3467,CG,126,2,1,2,1,2,1
3468,CG,79,1,2,2,2,1,2
3469,CG,96,1,1,2,2,1,1
3470,CG,15,2,1,1,2,1,1
3471,CG,127,2,2,1,1,2,1
3472,CG,63,1,2,1,1,1,2
3473,CG,126,2,1,2,1,2,1
3474,CG,7,1,2,2,2,1,2
3475,CG,0,1,1,1,2,1,1
3476,CG,127,2,1,2,1,2,1
3477,CG,9,1,2,1,2,1,2
3478,CG,96,2,1,1,1,2,1
3479,CG,127,2,2,1,1,1,2
3480,CG,0,1,2,2,1,1,1
3481,CG,14,1,1,1,2,1,1
3482,CG,127,2,1,2,1,2,1
3483,CG,39,1,2,1,2,1,2
3484,CG,120,2,1,0,1,1,1
3485,CG,6,1,2,3,0,2,1
3486,CG,119,2,1,2,3,2,2
3487,CG,94,1,2,1,2,1,2
3488,CG,96,2,1,2,1,2,1
3489,CG,127,1,2,1,2,1,2
3490,CG,127,1,1,2,1,1,1
3491,CG,118,2,1,1,2,2,1
3492,CG,1,1,2,1,1,1,2
3493,CG,112,2,1,2,1,2,1
3494,CG,95,1,2,2,2,1,2
3495,CG,96,1,1,1,2,1,1
3496,CG,14,1,1,1,1,1,1
3497,CG,127,2,1,1,1,2,1
3498,CG,127,2,2,2,1,2,2
3499,CG,127,2,2,2,2,2,2
3500,CG,1,1,2,1,2,1,2
3501,CG,0,1,1,1,1,1,1
3502,CG,127,2,1,1,1,2,1
3503,CG,5,1,2,3,1,1,2
3504,CG,96,2,1,1,3,2,1
3505,CG,30,1,2,1,1,1,2
3506,CG,64,1,1,1,1,1,1
3507,CG,31,1,1,2,1,1,1
3508,CG,127,2,1,1,2,1,1
3509,CG,38,2,2,3,1,2,1
3510,CG,127,2,2,1,3,1,2
3511,CG,70,1,2,2,1,1,1
3512,CG,97,2,1,1,2,2,1
3513,CG,14,1,2,0,1,1,2
3514,CG,96,2,1,3,0,2,1
3515,CG,71,1,2,2,3,1,2
3516,CG,127,2,1,2,2,2,1
3517,CG,67,1,2,2,2,1,2
3518,CG,64,1,1,2,2,1,1
3519,CG,127,1,1,1,2,1,1
3520,CG,127,2,1,1,1,2,1
3521,CG,3,1,2,1,1,1,2
3522,CG,96,2,1,2,1,2,1
3523,CG,31,1,2,0,2,1,2
3524,CG,127,2,1,3,0,2,1
3525,CG,127,2,2,2,3,2,2
3526,CG,0,1,2,1,2,1,2
3527,CG,125,1,1,0,1,1,1
3528,CG,126,2,1,3,0,2,1
3529,CG,5,1,2,3,3,2,2
3530,CG,2,1,1,1,3,1,2
3531,CG,127,2,1,1,1,2,1
3532,CG,2,1,2,1,1,1,2
3533,CG,96,2,1,3,1,2,1
3534,CG,15,1,2,1,3,1,2
3535,CG,127,1,1,2,1,2,1
3536,CG,127,2,1,1,2,2,2
3537,CG,69,2,2,2,1,2,2
3538,CG,2,1,2,2,2,1,2
3539,CG,127,2,1,1,2,2,1
3540,CG,31,1,2,2,1,1,2
3541,CG,64,1,1,2,2,1,1
3542,CG,126,2,1,2,2,2,1
3543,CG,127,1,2,1,2,1,2
3544,CG,36,2,1,2,1,2,1
3545,CG,127,1,2,0,2,1,2
3546,CG,114,2,1,3,0,2,1
3547,CG,111,2,2,2,3,2,2
3548,CG,62,2,2,2,2,2,2
3549,CG,97,1,2,1,2,1,2
3550,CG,0,1,1,1,1,1,1
3551,CG,127,2,1,2,1,2,1
3552,CG,15,1,2,1,2,1,2
3553,CG,64,2,1,2,1,2,1
3554,CG,127,2,2,2,2,2,2
3555,CG,0,1,2,1,2,1,2
3556,CG,127,2,1,2,1,2,1
3557,CG,78,1,2,1,2,1,2
3558,CG,115,2,1,2,1,2,1
3559,CG,126,2,2,1,2,1,2
3560,CG,3,1,2,2,1,1,1
3561,CG,0,1,1,2,2,2,1
3562,CG,127,2,1,2,2,2,2
3563,CG,94,2,2,1,2,2,2
3564,CG,123,2,2,2,1,2,2
3565,CG,70,1,2,1,2,1,2
3566,CG,127,2,1,1,1,2,1
3567,CG,15,1,2,1,1,1,2
3568,CG,96,2,1,2,1,2,1
3569,CG,30,1,2,2,2,2,2
3570,CG,127,2,1,2,2,2,2
3571,CG,39,2,2,1,2,1,2
3572,CG,126,2,2,1,1,2,1
3573,CG,70,1,2,2,1,1,2
3574,CG,127,2,1,1,2,2,1
3575,CG,3,1,2,1,1,1,2
3576,CG,112,1,1,2,1,1,1
3577,CG,127,2,1,2,2,2,1
3578,CG,1,1,2,2,2,1,2
3579,CG,126,1,1,1,2,1,1
3580,CG,127,2,1,0,1,1,1
3581,CG,0,1,2,3,0,2,1
3582,CG,102,2,1,2,3,2,2
3583,CG,127,2,2,1,2,2,2
3584,CG,14,1,2,1,1,1,2
3585,CG,117,2,1,2,1,2,1
3586,CG,30,1,2,1,2,1,2
3587,CG,64,1,1,1,1,1,1
3588,CG,0,2,1,1,1,2,1
3589,CG,33,0,2,0,1,0,2
3590,CG,0,2,0,0,0,1,0
