,Application,Perf_node01_task_clock,Perf_node01_cpu_bus_cycles_,Perf_node01_cpu_cpu_cycles_,Perf_node01_msr_aperf_,Perf_node01_msr_mperf_,Perf_node01_msr_tsc_,Perf_node01_cpu_ref_cycles_,Perf_node01_power_energy_pkg_,Perf_node01_power_energy_ram_,Perf_node01_power_energy_total_
6735,SP,10,11,11,11,11,10,11,2,3,2
6736,SP,10,11,11,11,11,10,11,2,0,2
6737,SP,10,11,11,11,11,11,11,2,2,2
6738,SP,11,11,11,11,11,11,11,2,3,2
6739,SP,11,11,11,11,11,10,11,2,3,3
6740,SP,11,11,11,11,11,11,11,3,3,3
6741,SP,11,11,11,11,10,10,10,0,0,0
6742,SP,10,11,11,10,11,11,11,3,1,2
6743,SP,10,10,10,10,10,10,10,0,1,0
6744,SP,11,11,11,11,11,11,11,2,2,2
6745,SP,11,11,11,11,11,11,11,2,2,2
6746,SP,10,10,10,11,11,11,11,2,2,2
6747,SP,11,10,10,10,10,10,10,1,1,1
6748,SP,10,10,10,10,10,10,10,1,1,1
6749,SP,11,11,11,11,11,11,11,2,2,2
6750,SP,10,10,10,10,10,10,10,1,1,1
6751,SP,11,11,11,11,11,11,11,2,2,2
6752,SP,10,11,11,11,11,11,11,2,2,2
6753,SP,10,10,10,10,10,10,10,1,1,1
6754,SP,11,11,11,11,11,11,11,2,2,2
6755,SP,10,10,10,10,10,10,10,0,1,1
6756,SP,11,11,11,11,11,11,11,2,2,2
6757,SP,10,10,10,10,10,10,10,1,1,1
6758,SP,11,11,11,11,11,11,11,2,2,2
6759,SP,11,11,11,11,11,11,11,2,2,2
6760,SP,10,10,10,10,10,10,10,1,1,1
6761,SP,11,11,11,10,10,10,10,1,1,1
6762,SP,10,10,10,11,11,11,11,1,2,1
6763,SP,11,11,11,10,10,10,10,1,1,1
6764,SP,10,10,10,10,10,10,10,1,1,1
6765,SP,11,11,11,11,11,11,11,2,2,2
6766,SP,11,11,11,11,11,11,11,2,3,2
6767,SP,10,10,10,10,10,10,10,1,1,1
6768,SP,11,11,11,11,11,11,11,2,2,2
6769,SP,10,10,10,10,10,10,10,0,0,0
6770,SP,11,11,11,11,11,11,11,2,2,2
6771,SP,10,10,10,10,10,10,10,1,1,1
6772,SP,11,11,11,11,11,11,11,2,2,2
6773,SP,11,11,11,11,11,11,11,2,2,2
6774,SP,10,10,10,10,10,10,10,1,1,1
6775,SP,11,11,11,11,11,11,11,2,2,2
6776,SP,10,10,10,10,10,10,10,1,1,1
6777,SP,11,11,11,11,11,11,11,2,3,2
6778,SP,11,11,10,10,10,10,10,1,1,1
6779,SP,10,11,11,11,11,11,11,2,2,2
6780,SP,11,11,11,11,11,11,11,2,2,2
6781,SP,10,10,10,10,10,10,10,0,0,0
6782,SP,10,11,11,11,11,11,11,2,2,2
6783,SP,10,10,10,10,10,10,10,1,1,1
6784,SP,10,11,10,11,11,11,11,2,2,2
6785,SP,11,11,11,11,11,10,10,1,1,1
6786,SP,10,10,10,11,11,11,11,2,2,2
6787,SP,11,11,11,11,11,11,11,2,2,2
6788,SP,10,10,10,10,10,10,10,1,1,1
6789,SP,11,10,10,10,10,10,10,1,1,1
6790,SP,11,11,11,11,11,11,11,2,2,2
6791,SP,10,10,10,10,10,10,10,1,2,1
6792,SP,11,11,11,11,10,10,10,1,1,1
6793,SP,10,10,10,10,10,11,11,2,2,2
6794,SP,11,11,11,11,11,11,11,2,1,2
6795,SP,11,11,11,11,11,11,10,1,1,1
6796,SP,11,10,10,10,10,10,11,2,2,2
6797,SP,11,11,11,11,11,11,11,2,2,2
6798,SP,10,10,10,10,10,10,10,1,1,1
6799,SP,11,11,11,11,11,11,11,1,2,2
6800,SP,10,10,10,10,10,11,11,2,2,2
6801,SP,11,11,11,11,11,10,11,2,2,2
6802,SP,10,10,10,10,10,10,10,1,0,1
6803,SP,11,11,11,11,11,11,11,2,2,2
6804,SP,10,10,10,10,10,10,10,1,1,1
6805,SP,11,11,11,11,11,11,11,3,2,3
6806,SP,11,11,11,11,11,11,11,2,2,2
6807,SP,10,10,10,10,10,10,10,1,1,1
6808,SP,10,11,11,11,11,11,11,2,2,2
6809,SP,10,10,10,10,10,10,10,1,1,1
6810,SP,10,11,11,11,11,11,11,2,2,2
6811,SP,11,11,11,11,11,11,11,2,2,2
6812,SP,10,10,10,10,10,10,10,1,1,1
6813,SP,11,11,11,11,11,11,11,2,2,2
6814,SP,10,10,10,10,10,10,10,1,1,1
6815,SP,10,11,11,11,11,11,11,2,2,2
6816,SP,11,11,11,11,11,11,11,2,2,2
6817,SP,11,11,10,10,10,10,10,1,1,1
6818,SP,11,11,11,11,11,11,11,2,2,2
6819,SP,10,10,10,10,10,10,10,1,1,1
6820,SP,11,11,11,11,11,11,11,2,2,2
6821,SP,10,10,10,10,10,10,10,1,1,1
6822,SP,11,11,11,10,10,11,11,2,2,2
6823,SP,10,10,10,10,10,10,10,1,1,1
6824,SP,11,11,11,11,11,11,11,2,2,2
6825,SP,10,11,11,11,11,11,11,2,2,2
6826,SP,10,10,10,11,11,11,10,1,2,1
6827,SP,11,11,11,10,10,10,10,2,1,2
6828,SP,10,10,10,11,10,10,10,1,1,1
6829,SP,11,11,11,10,10,11,11,2,1,2
6830,SP,10,10,10,10,10,10,11,1,1,1
6831,SP,11,11,11,11,11,11,10,1,2,1
6832,SP,11,11,11,11,11,11,11,2,2,2
6833,SP,10,10,10,10,10,11,11,1,2,1
6834,SP,11,10,11,10,10,10,10,2,1,2
6835,SP,10,11,10,11,11,10,10,1,1,1
6836,SP,11,10,10,10,10,10,10,2,1,2
6837,SP,11,11,11,11,11,11,11,2,2,2
6838,SP,10,10,10,10,10,11,11,2,1,2
6839,SP,11,11,11,10,10,10,10,1,1,1
6840,SP,10,10,11,11,11,11,11,2,2,2
6841,SP,11,11,11,11,11,11,11,2,2,2
6842,SP,10,10,10,10,10,10,10,1,1,1
6843,SP,10,10,10,10,10,10,10,2,1,2
6844,SP,11,11,11,10,10,10,10,1,1,1
6845,SP,10,10,10,10,11,11,11,2,2,2
6846,SP,11,11,11,11,10,10,10,1,2,1
6847,SP,10,11,11,11,11,11,11,2,2,2
6848,SP,11,11,11,11,10,11,10,2,1,2
6849,SP,10,10,10,10,10,10,10,1,1,1
6850,SP,11,11,11,11,11,11,11,3,3,3
6851,SP,11,10,10,10,10,10,10,0,1,0
6852,SP,10,10,11,11,11,11,11,2,2,2
6853,SP,11,10,10,10,10,10,10,1,1,1
6854,SP,10,11,11,11,11,11,11,3,3,3
6855,SP,11,11,11,11,11,10,10,2,1,2
6856,SP,10,10,10,10,10,10,10,1,1,1
6857,SP,11,11,11,11,11,11,11,2,2,2
6858,SP,10,10,10,10,10,10,10,0,0,0
6859,SP,10,11,11,11,11,11,11,3,3,3
6860,SP,11,11,10,10,10,10,10,1,1,1
6861,SP,10,10,11,11,11,11,11,2,2,2
6862,SP,10,11,11,10,10,11,11,2,1,2
6863,SP,11,10,10,10,10,10,10,1,1,1
6864,SP,10,11,11,11,11,11,11,2,2,2
6865,SP,11,11,11,11,11,10,10,1,1,1
6866,SP,10,10,10,10,10,11,11,2,2,2
6867,SP,11,11,11,11,10,10,10,1,1,1
6868,SP,10,10,10,10,10,10,11,2,1,2
6869,SP,11,11,11,11,11,11,11,2,2,2
6870,SP,10,10,10,10,10,10,10,0,0,0
6871,SP,11,11,11,11,11,11,11,3,3,3
6872,SP,11,10,10,10,10,10,10,1,1,1
6873,SP,11,11,11,11,11,11,11,2,2,2
6874,SP,11,11,11,11,11,11,11,2,2,2
6875,SP,10,10,10,10,10,10,10,1,1,1
6876,SP,11,11,11,11,11,11,11,2,2,2
6877,SP,10,10,10,10,10,10,10,0,0,0
6878,SP,10,11,11,11,11,11,11,3,3,3
6879,SP,11,11,11,10,10,10,10,1,1,1
6880,SP,10,10,10,10,11,11,11,2,2,2
6881,SP,11,11,11,11,11,11,11,2,2,2
6882,SP,11,10,10,10,10,10,10,0,0,0
6883,SP,10,11,11,11,11,11,11,2,2,2
6884,SP,11,10,10,10,10,10,10,1,1,1
6885,SP,10,10,10,10,10,11,11,2,2,2
6886,SP,11,11,11,11,11,10,10,1,1,1
6887,SP,10,10,10,10,10,10,10,1,1,1
6888,SP,11,11,11,11,11,11,11,2,2,2
6889,SP,10,10,10,10,10,10,10,0,0,0
6890,SP,11,11,11,11,11,11,11,2,3,2
6891,SP,10,10,10,10,10,10,10,1,1,1
6892,SP,11,11,11,11,11,11,11,2,2,2
6893,SP,11,11,11,11,11,11,11,2,2,2
6894,SP,10,10,10,10,10,10,10,1,1,1
6895,SP,10,11,11,11,11,11,11,2,2,2
6896,SP,10,10,10,10,10,10,10,0,0,0
6897,SP,10,11,11,11,11,11,11,3,3,3
6898,SP,11,11,11,10,10,10,10,1,1,1
6899,SP,10,11,10,11,11,11,11,2,2,2
6900,SP,11,11,11,11,11,11,11,2,2,2
6901,SP,10,10,10,10,10,10,10,1,1,1
6902,SP,10,11,11,11,11,11,11,2,2,2
6903,SP,11,11,11,11,11,10,11,1,1,1
6904,SP,10,10,10,10,10,10,10,1,1,1
6905,SP,11,11,11,11,11,11,11,2,2,2
6906,SP,10,10,10,11,11,11,11,2,2,2
6907,SP,11,11,11,10,10,10,10,1,1,1
6908,SP,10,10,10,10,10,10,10,1,1,1
6909,SP,11,11,11,11,11,11,11,2,2,2
6910,SP,10,10,10,10,10,10,10,1,2,1
6911,SP,11,11,11,11,11,11,11,2,1,2
6912,SP,11,11,11,10,10,11,11,2,2,2
6913,SP,11,11,11,11,11,11,11,2,2,2
6914,SP,11,11,11,11,11,11,11,2,2,2
6915,SP,10,10,10,10,10,10,10,0,0,0
6916,SP,10,11,11,11,11,11,11,2,2,2
6917,SP,11,11,11,11,11,10,10,1,1,1
6918,SP,10,10,10,10,10,11,11,2,2,2
6919,SP,11,11,11,11,11,11,11,1,2,1
6920,SP,10,10,10,10,10,10,10,1,1,1
6921,SP,11,11,11,10,10,11,11,2,1,2
6922,SP,10,10,10,10,10,10,10,0,1,0
6923,SP,11,11,11,11,11,11,11,3,3,3
6924,SP,11,10,10,10,10,10,10,1,1,1
6925,SP,10,11,11,11,11,11,11,2,2,2
6926,SP,11,11,11,11,11,11,11,2,2,2
6927,SP,10,10,10,10,10,10,10,1,1,1
6928,SP,10,10,11,10,10,11,11,2,2,2
6929,SP,11,10,10,10,10,10,10,1,1,1
6930,SP,10,10,10,10,11,11,11,2,2,2
6931,SP,11,11,11,11,11,11,11,1,1,1
6932,SP,10,10,10,10,10,10,10,1,1,1
6933,SP,11,11,11,11,11,11,11,2,2,2
6934,SP,10,10,10,10,10,10,10,0,0,0
6935,SP,10,11,11,11,11,11,11,2,2,2
6936,SP,10,10,10,10,10,10,10,1,1,1
6937,SP,11,11,11,11,11,11,11,2,2,2
6938,SP,11,11,11,11,11,11,11,2,2,2
6939,SP,10,10,10,10,10,10,10,1,1,1
6940,SP,11,11,11,11,11,11,11,2,2,2
6941,SP,10,10,10,10,10,10,10,0,0,0
6942,SP,11,11,11,11,11,11,11,3,3,3
6943,SP,11,11,11,11,11,11,11,1,2,2
6944,SP,10,10,10,10,10,10,10,1,1,1
6945,SP,11,11,11,11,11,11,11,2,2,2
6946,SP,10,10,10,10,10,10,10,0,1,0
6947,SP,10,11,11,11,11,11,11,2,2,2
6948,SP,10,11,11,10,10,10,10,1,2,1
6949,SP,11,11,11,11,11,11,11,2,1,2
6950,SP,11,11,11,11,11,11,11,2,2,2
6951,SP,10,10,10,10,10,10,10,1,1,1
6952,SP,11,11,11,11,11,11,11,2,2,2
6953,SP,10,10,10,10,10,10,10,0,0,0
6954,SP,11,11,11,11,11,11,11,3,3,3
6955,SP,11,11,11,11,11,10,10,1,1,1
6956,SP,10,10,10,10,11,11,11,2,2,2
6957,SP,11,11,11,11,11,11,11,2,2,2
6958,SP,10,10,10,10,10,10,10,1,1,1
6959,SP,11,11,11,11,11,11,11,2,2,2
6960,SP,10,10,10,10,10,10,10,1,1,1
6961,SP,11,11,11,11,11,11,11,2,2,2
6962,SP,11,11,11,11,11,11,11,2,2,2
6963,SP,10,10,10,10,10,10,10,1,1,1
6964,SP,11,11,11,11,11,11,11,2,2,2
6965,SP,10,10,10,10,10,10,10,0,0,0
6966,SP,11,11,11,11,11,11,11,3,3,3
6967,SP,11,11,11,11,11,10,10,1,2,1
6968,SP,10,10,10,10,10,11,11,2,1,2
6969,SP,11,11,11,11,11,11,11,2,2,2
6970,SP,10,10,10,10,10,10,10,0,1,0
6971,SP,11,11,11,11,11,11,11,3,3,3
6972,SP,10,10,10,10,10,10,10,1,1,1
6973,SP,11,11,11,11,11,11,11,2,2,2
6974,SP,11,11,11,11,11,11,11,2,2,2
6975,SP,10,10,10,10,10,10,10,1,1,1
6976,SP,10,11,11,11,11,11,11,2,2,2
6977,SP,10,10,10,10,10,10,10,1,1,1
6978,SP,10,11,11,11,11,11,11,2,2,2
6979,SP,11,11,11,11,10,10,10,1,1,1
6980,SP,10,11,11,11,11,11,11,2,2,2
6981,SP,11,11,11,11,11,11,11,2,2,2
6982,SP,10,10,10,10,10,10,10,1,1,1
6983,SP,10,10,10,10,10,11,11,2,2,2
6984,SP,11,11,11,11,11,10,10,1,2,1
6985,SP,10,10,10,10,10,11,11,2,1,2
6986,SP,11,11,11,11,11,11,11,2,2,2
6987,SP,10,10,10,10,10,10,10,1,1,1
6988,SP,11,11,11,11,11,11,11,3,3,3
6989,SP,11,10,10,10,10,10,10,1,1,1
6990,SP,10,10,10,10,11,11,11,2,2,2
6991,SP,11,11,11,11,11,10,10,1,1,1
6992,SP,10,10,10,10,10,11,11,2,2,2
6993,SP,11,11,10,10,10,10,10,1,1,1
6994,SP,10,11,11,11,11,11,11,3,3,3
6995,SP,11,11,11,11,11,11,11,2,2,2
6996,SP,10,10,10,10,10,10,10,1,1,1
6997,SP,11,11,11,11,11,11,11,3,3,3
6998,SP,11,11,10,10,10,10,10,1,1,1
6999,SP,10,10,10,10,10,10,10,2,1,1
7000,SP,10,10,10,10,10,10,10,0,1,1
7001,SP,11,11,11,11,11,11,11,3,3,3
7002,SP,10,10,10,10,10,10,10,1,1,1
7003,SP,11,11,11,11,11,11,11,2,2,2
7004,SP,11,11,11,11,11,11,11,2,2,2
7005,SP,10,10,10,10,10,10,10,1,1,1
7006,SP,11,11,11,11,11,11,11,2,2,2
7007,SP,10,10,10,10,10,10,10,1,1,1
7008,SP,11,11,11,10,10,11,11,2,2,2
7009,SP,10,10,10,10,10,10,10,1,1,1
7010,SP,11,11,11,11,11,11,11,2,2,2
7011,SP,11,11,11,11,11,11,11,2,2,2
7012,SP,10,10,10,10,10,10,10,1,1,1
7013,SP,10,11,11,11,11,11,11,2,2,2
7014,SP,10,10,10,10,10,10,10,0,1,1
7015,SP,10,11,11,11,11,11,11,2,2,2
7016,SP,11,11,11,11,11,11,11,1,1,1
7017,SP,10,10,10,10,11,11,11,2,2,2
7018,SP,11,11,11,11,11,11,11,2,2,2
7019,SP,10,10,10,10,10,10,10,1,1,1
7020,SP,11,11,11,11,11,11,11,2,2,2
7021,SP,11,11,11,11,11,10,10,1,1,1
7022,SP,11,11,11,11,11,11,11,2,2,2
7023,SP,11,11,11,11,11,11,11,2,2,2
7024,SP,10,10,10,10,10,10,10,1,1,1
7025,SP,11,11,11,11,11,11,11,2,2,2
7026,SP,10,10,10,10,10,10,10,0,0,0
7027,SP,11,11,11,11,11,11,11,3,3,3
7028,SP,11,11,11,10,10,10,10,1,1,1
7029,SP,10,10,10,11,11,11,11,2,2,2
7030,SP,11,11,11,11,11,11,11,2,2,2
7031,SP,11,10,10,10,10,10,10,1,1,1
7032,SP,10,10,10,10,10,11,11,2,2,2
7033,SP,11,10,10,10,10,10,10,1,1,1
7034,SP,10,10,10,10,11,11,11,2,2,2
7035,SP,11,11,11,11,10,10,10,1,1,1
7036,SP,10,10,10,11,11,11,11,2,2,2
7037,SP,11,11,11,11,11,11,11,2,2,2
7038,SP,10,10,10,10,10,10,10,1,1,1
7039,SP,10,11,10,10,10,11,11,2,2,2
7040,SP,11,10,10,10,10,10,10,1,1,1
7041,SP,10,10,10,10,11,11,11,2,2,2
7042,SP,11,11,11,11,11,10,10,1,1,1
7043,SP,10,10,10,10,10,10,10,1,2,1
7044,SP,11,11,11,11,11,11,11,2,2,2
7045,SP,10,10,10,10,10,10,10,1,1,1
7046,SP,11,11,11,11,11,11,11,2,2,2
7047,SP,10,10,10,10,10,10,10,1,1,1
7048,SP,11,11,11,11,11,11,11,2,2,2
7049,SP,11,11,11,11,11,11,11,2,2,2
7050,SP,10,10,10,10,10,10,10,1,1,1
7051,SP,11,11,11,11,11,11,11,2,2,2
7052,SP,10,10,10,10,10,10,10,1,0,0
7053,SP,11,11,11,11,11,11,11,2,3,2
7054,SP,11,10,10,10,10,10,10,1,1,1
7055,SP,10,11,11,11,11,11,11,2,2,2
7056,SP,11,11,11,11,11,11,11,2,2,2
7057,SP,10,10,10,10,10,10,10,1,1,1
7058,SP,10,11,11,11,11,11,11,2,2,2
7059,SP,10,10,10,10,10,10,10,1,1,1
7060,SP,10,11,11,11,11,11,11,2,2,2
7061,SP,11,11,11,10,10,10,10,1,1,1
7062,SP,10,11,11,11,11,11,11,2,2,2
7063,SP,11,11,11,11,11,11,11,2,2,2
7064,SP,10,10,10,10,10,10,10,1,1,1
7065,SP,10,11,11,10,11,11,11,2,2,2
7066,SP,11,11,11,11,10,10,10,1,1,1
7067,SP,10,10,10,10,10,11,11,2,2,2
7068,SP,11,11,11,11,11,10,10,1,2,1
7069,SP,10,10,10,10,10,11,11,2,2,2
7070,SP,11,11,11,11,11,11,11,2,2,2
7071,SP,10,10,10,10,10,10,10,1,1,1
7072,SP,10,11,11,11,11,11,11,2,2,2
7073,SP,11,11,11,11,11,10,10,1,1,1
7074,SP,10,10,10,10,10,11,11,2,2,2
7075,SP,11,11,11,11,11,11,11,2,2,2
7076,SP,10,10,10,10,10,10,10,1,1,1
7077,SP,11,11,11,11,11,11,11,2,2,2
7078,SP,10,10,10,10,10,10,10,1,0,1
7079,SP,11,11,11,11,11,11,11,2,3,2
7080,SP,10,10,10,10,10,10,10,1,1,1
7081,SP,11,11,11,11,11,11,11,2,2,2
7082,SP,11,11,11,11,11,11,11,2,2,2
7083,SP,10,10,10,10,10,10,10,1,1,1
7084,SP,11,11,11,11,11,11,11,2,2,2
7085,SP,10,10,10,10,10,10,10,0,0,0
7086,SP,11,11,11,11,11,11,11,2,2,2
7087,SP,10,10,10,10,10,10,10,1,1,1
7088,SP,11,11,11,11,11,11,11,2,2,2
7089,SP,11,11,11,11,11,11,11,2,2,2
7090,SP,10,10,10,10,10,10,10,1,1,1
7091,SP,11,11,11,11,11,11,11,2,2,2
7092,SP,10,10,10,10,10,10,10,0,0,0
7093,SP,10,11,11,11,11,11,11,3,2,3
7094,SP,11,11,11,11,11,10,11,1,1,1
7095,SP,10,10,10,10,11,11,11,2,2,2
7096,SP,11,11,11,11,11,11,11,2,2,2
7097,SP,10,10,10,10,10,10,10,1,1,1
7098,SP,11,11,11,11,11,11,11,2,2,2
7099,SP,11,11,11,11,11,11,11,2,2,2
7100,SP,11,10,10,10,10,10,10,1,1,1
7101,SP,11,11,11,11,11,11,11,2,2,2
7102,SP,10,10,10,10,10,10,10,1,1,1
7103,SP,11,11,11,11,11,11,11,2,2,2
7104,SP,10,10,10,10,10,10,10,0,0,0
7105,SP,11,11,11,11,11,11,11,3,3,3
7106,SP,11,11,11,11,10,10,10,1,1,1
7107,SP,10,11,11,11,11,11,11,2,2,2
7108,SP,11,11,11,11,11,11,11,2,2,2
7109,SP,10,10,10,10,10,10,10,1,1,1
7110,SP,10,11,11,10,11,11,11,2,2,2
7111,SP,11,11,11,11,10,10,10,1,1,1
7112,SP,10,10,10,10,10,11,11,2,2,2
7113,SP,11,11,11,11,11,11,11,2,2,2
7114,SP,10,10,10,10,10,10,10,1,1,1
7115,SP,11,11,11,11,11,11,11,2,2,2
7116,SP,11,10,10,10,10,10,10,0,0,0
7117,SP,10,10,11,11,11,11,11,2,2,2
7118,SP,11,11,11,11,11,11,11,2,2,2
7119,SP,11,10,10,10,10,10,10,1,1,1
7120,SP,11,11,11,11,11,11,11,2,2,2
7121,SP,10,10,10,10,10,10,10,1,1,1
7122,SP,11,11,11,11,11,11,11,2,2,2
7123,SP,10,10,10,10,10,10,10,0,0,0
7124,SP,11,11,11,11,11,11,11,3,3,3
7125,SP,11,11,11,11,11,11,11,1,2,2
7126,SP,11,11,11,11,11,11,11,2,1,2
7127,SP,11,11,11,11,11,11,11,2,2,2
7128,SP,10,10,10,10,10,10,10,1,1,1
7129,SP,10,11,11,11,11,11,11,2,2,2
7130,SP,10,10,10,10,10,10,10,1,0,1
7131,SP,10,11,11,11,11,11,11,2,3,3
7132,SP,11,11,11,11,11,10,10,1,1,1
7133,SP,10,10,10,10,10,10,10,1,1,1
7134,SP,11,11,11,11,11,11,11,2,1,2
7135,SP,10,10,10,10,10,10,10,1,1,1
7136,SP,11,11,11,11,11,11,11,2,2,2
7137,SP,10,11,11,11,11,10,11,1,1,1
7138,SP,11,11,11,11,11,11,10,1,2,2
7139,SP,11,11,11,11,11,11,11,2,2,2
7140,SP,10,10,10,10,10,10,10,1,1,1
7141,SP,11,11,11,11,11,11,11,2,2,2
7142,SP,10,10,10,10,10,10,10,1,1,1
7143,SP,11,11,11,10,10,11,11,2,1,2
7144,SP,10,10,10,10,10,10,10,1,1,1
7145,SP,11,11,11,11,11,11,11,2,2,2
7146,SP,11,11,11,11,11,11,11,2,2,2
7147,SP,10,10,10,10,10,10,10,1,1,1
7148,SP,11,11,11,11,11,11,11,2,2,2
7149,SP,10,10,10,10,10,10,10,0,0,0
7150,SP,10,11,11,11,11,11,11,3,3,3
7151,SP,11,11,11,11,11,10,10,1,1,1
7152,SP,10,10,10,10,10,11,11,2,2,2
7153,SP,11,11,11,11,11,11,11,2,2,2
7154,SP,10,10,10,10,10,10,10,0,0,0
7155,SP,11,11,11,11,11,11,11,3,3,3
7156,SP,10,10,10,10,10,10,10,1,1,1
7157,SP,11,11,11,11,11,11,11,2,2,2
7158,SP,11,11,11,11,11,11,11,2,2,2
7159,SP,10,10,10,10,10,10,10,1,1,1
7160,SP,10,11,11,11,11,11,11,2,2,2
7161,SP,11,11,10,10,10,10,10,1,1,1
7162,SP,10,10,10,10,11,11,11,2,2,2
7163,SP,11,11,11,11,11,11,11,2,2,2
7164,SP,10,10,10,10,10,10,10,1,1,1
7165,SP,11,11,11,11,11,11,11,2,2,2
7166,SP,10,10,10,10,10,10,10,0,0,0
7167,SP,11,11,11,11,11,11,11,3,3,3
7168,SP,10,10,10,10,10,10,10,1,1,1
7169,SP,11,11,11,11,11,11,11,2,2,2
7170,SP,11,11,11,11,11,11,11,2,2,2
7171,SP,11,10,10,10,10,10,10,1,1,1
7172,SP,10,10,10,10,10,11,11,2,2,2
7173,SP,11,11,10,10,10,10,10,1,1,1
7174,SP,10,10,10,10,11,11,11,2,2,2
7175,SP,11,11,11,11,11,10,11,1,1,1
7176,SP,10,10,10,10,10,10,10,1,1,1
7177,SP,11,11,11,11,11,11,11,2,2,2
7178,SP,10,10,10,10,10,10,10,0,0,0
7179,SP,11,11,11,11,11,11,11,3,3,3
7180,SP,11,11,11,10,10,10,10,1,1,1
7181,SP,10,11,11,11,11,11,11,2,2,2
7182,SP,11,11,11,11,11,11,11,2,2,2
7183,SP,10,10,10,10,10,10,10,1,1,1
7184,SP,10,11,11,10,10,11,11,2,1,2
7185,SP,11,10,10,10,10,10,10,1,1,1
7186,SP,10,10,10,10,11,11,11,2,2,2
7187,SP,11,11,11,11,11,11,11,1,2,1
7188,SP,10,10,10,10,10,10,10,1,1,1
7189,SP,11,11,11,11,11,11,11,2,2,2
7190,SP,10,10,10,10,10,10,10,1,1,1
7191,SP,11,11,11,11,11,11,11,2,2,2
7192,SP,10,10,10,10,10,10,10,1,1,1
7193,SP,11,11,11,11,11,11,11,2,2,2
7194,SP,11,11,11,11,11,11,11,2,2,2
7195,SP,10,10,10,10,10,10,10,1,1,1
7196,SP,10,11,11,11,11,11,11,2,2,2
7197,SP,10,10,10,10,10,10,10,0,0,0
7198,SP,10,11,11,11,11,11,11,3,3,3
7199,SP,11,11,11,11,11,10,10,1,1,1
7200,SP,10,10,10,10,10,11,11,2,1,2
7201,SP,11,11,11,11,11,11,11,2,2,2
7202,SP,10,10,10,10,10,10,10,0,0,0
7203,SP,11,11,11,11,11,11,11,3,3,3
7204,SP,11,11,11,10,10,10,10,1,1,1
7205,SP,11,11,11,11,11,11,11,2,2,2
7206,SP,11,11,11,11,11,11,11,2,2,2
7207,SP,10,10,10,10,10,10,10,1,1,1
7208,SP,10,11,11,11,11,11,11,2,2,2
7209,SP,10,10,10,10,10,10,10,0,1,1
7210,SP,10,11,11,11,11,11,11,2,2,2
7211,SP,11,11,11,10,10,10,10,1,1,1
7212,SP,10,10,10,10,10,11,11,2,2,2
7213,SP,11,11,11,11,11,11,11,2,2,2
7214,SP,10,10,10,10,10,10,10,1,1,1
7215,SP,10,11,10,10,11,11,11,2,2,2
7216,SP,11,11,11,11,11,11,11,2,2,2
7217,SP,10,10,10,10,10,10,10,1,1,1
7218,SP,11,11,11,11,11,11,11,2,2,2
7219,SP,10,10,10,10,10,10,10,1,1,1
7220,SP,11,11,11,11,11,11,11,2,2,2
7221,SP,11,10,10,10,10,10,10,1,1,1
7222,SP,10,10,10,10,10,11,11,2,2,2
7223,SP,10,10,10,10,10,10,10,1,1,1
7224,SP,10,10,10,11,11,11,11,2,2,2
7225,SP,11,11,11,11,11,11,10,1,1,1
7226,SP,10,10,10,10,10,11,11,1,2,2
7227,SP,11,11,11,11,11,11,11,2,2,2
7228,SP,10,10,10,10,10,10,10,1,1,1
7229,SP,11,11,11,11,11,11,11,2,2,2
7230,SP,11,10,10,10,10,10,10,1,1,1
7231,SP,10,10,10,10,10,11,11,2,2,2
7232,SP,11,11,11,11,11,11,11,2,2,2
7233,SP,10,10,10,10,10,10,10,1,1,1
7234,SP,11,11,11,11,11,11,11,2,2,2
7235,SP,10,10,10,10,10,10,10,0,0,0
7236,SP,11,11,11,11,11,11,11,3,3,3
7237,SP,11,10,11,11,10,10,10,1,1,1
7238,SP,11,11,11,11,11,11,10,2,1,2
7239,SP,11,11,11,11,11,11,11,2,3,2
7240,SP,10,10,10,10,10,10,10,0,0,0
7241,SP,10,11,11,11,11,11,11,2,2,2
7242,SP,10,10,10,10,10,10,10,0,1,0
7243,SP,10,11,11,11,11,11,11,3,3,3
7244,SP,11,11,11,11,11,10,10,1,1,1
7245,SP,10,10,10,10,10,11,11,2,2,2
7246,SP,11,11,11,11,11,11,11,2,2,2
7247,SP,10,10,10,10,10,10,10,1,1,1
7248,SP,10,10,10,10,10,11,11,2,2,2
7249,SP,11,11,11,11,11,10,10,1,1,1
7250,SP,10,10,10,10,10,11,11,2,2,2
7251,SP,11,11,11,11,11,10,10,1,1,1
7252,SP,10,10,10,10,10,10,10,1,1,1
7253,SP,11,11,11,11,11,11,11,2,3,2
7254,SP,11,10,10,10,10,10,10,0,0,0
7255,SP,10,11,11,11,11,11,11,2,2,2
7256,SP,10,10,10,10,10,10,10,1,1,1
7257,SP,11,11,11,11,11,11,11,2,2,2
7258,SP,11,11,11,11,11,11,11,2,2,2
7259,SP,10,10,10,10,10,10,10,1,1,1
7260,SP,11,11,11,11,11,11,11,3,3,3
7261,SP,10,10,10,10,10,10,10,0,0,0
7262,SP,11,11,11,11,11,11,11,3,3,3
7263,SP,11,11,11,10,10,10,10,1,1,1
7264,SP,10,10,11,11,11,11,11,2,2,2
7265,SP,11,11,11,11,11,11,11,2,2,2
7266,SP,10,10,10,10,10,10,10,1,1,1
7267,SP,11,11,11,11,11,11,11,2,2,2
7268,SP,10,10,10,10,10,10,10,0,0,0
7269,SP,10,10,10,11,11,11,11,2,3,2
7270,SP,11,11,11,11,11,10,10,1,1,1
7271,SP,10,10,10,10,10,10,10,1,2,1
7272,SP,11,11,11,11,11,11,11,2,2,2
7273,SP,10,10,10,10,10,10,10,0,0,0
7274,SP,10,11,11,11,11,11,11,2,2,2
7275,SP,11,11,11,11,11,11,11,2,2,2
7276,SP,11,11,11,11,11,10,10,1,1,1
7277,SP,10,11,11,11,11,11,11,2,2,2
7278,SP,10,10,10,10,10,10,10,1,1,1
7279,SP,11,11,11,11,11,11,11,2,2,2
7280,SP,10,10,10,10,10,10,10,0,1,0
7281,SP,11,11,11,11,11,11,11,2,2,2
7282,SP,10,10,10,10,10,10,10,1,1,1
7283,SP,11,11,11,11,11,11,11,2,2,2
7284,SP,11,11,11,11,11,11,11,2,2,2
7285,SP,10,10,10,10,10,10,10,1,1,1
7286,SP,10,10,10,10,10,10,11,2,2,2
7287,SP,10,10,10,10,10,10,10,0,0,0
7288,SP,10,11,11,11,11,11,11,3,3,3
7289,SP,11,11,11,11,11,11,11,1,1,1
7290,SP,10,10,10,10,10,10,10,1,1,1
7291,SP,11,11,11,11,11,11,11,3,3,3
7292,SP,10,10,10,10,10,10,10,0,0,0
7293,SP,11,11,11,11,11,11,11,3,3,3
7294,SP,11,11,10,10,10,10,10,1,1,1
7295,SP,11,11,11,11,11,11,11,2,2,2
7296,SP,11,11,11,11,11,11,11,3,2,3
7297,SP,10,10,10,10,10,10,10,0,1,0
7298,SP,11,11,11,11,11,11,11,2,2,2
7299,SP,10,10,10,10,10,10,10,1,1,1
7300,SP,11,11,11,10,10,11,11,2,2,2
7301,SP,10,10,10,10,10,10,10,1,1,1
7302,SP,11,11,11,11,11,11,11,2,2,2
7303,SP,11,11,11,11,11,11,11,2,2,2
7304,SP,10,10,10,10,10,10,10,1,1,1
7305,SP,11,11,11,10,10,11,11,2,2,2
7306,SP,10,10,10,10,10,10,10,1,1,1
7307,SP,10,11,11,11,11,11,11,2,2,2
7308,SP,11,11,10,10,10,10,10,1,1,1
7309,SP,10,10,10,10,10,11,11,2,2,2
7310,SP,11,11,11,11,11,10,11,1,1,1
7311,SP,10,10,10,10,10,10,10,1,1,1
7312,SP,11,11,11,11,11,11,11,2,2,2
7313,SP,10,10,10,10,10,10,10,0,0,0
7314,SP,11,11,11,11,11,11,11,3,3,3
7315,SP,11,10,10,10,10,10,10,1,1,1
7316,SP,11,11,11,11,11,11,11,2,3,2
7317,SP,11,11,11,11,11,11,11,2,2,2
7318,SP,10,10,10,10,10,10,10,1,1,1
7319,SP,10,11,11,11,11,11,11,2,2,2
7320,SP,11,10,10,10,10,10,10,0,0,0
7321,SP,10,10,10,10,11,11,11,2,2,2
7322,SP,11,11,11,11,11,10,10,1,1,1
7323,SP,10,10,10,10,10,11,11,2,2,2
7324,SP,11,11,11,11,11,11,11,2,2,2
7325,SP,10,10,10,10,10,10,10,1,1,1
7326,SP,11,11,11,11,11,11,11,2,2,2
7327,SP,10,10,10,10,10,10,10,1,1,1
7328,SP,11,11,11,11,11,11,11,2,2,2
7329,SP,11,11,11,11,11,11,11,2,2,2
7330,SP,10,10,10,10,10,10,10,1,1,1
7331,SP,11,11,11,11,11,11,11,2,2,2
7332,SP,10,10,10,10,10,10,10,0,0,0
7333,SP,11,11,11,11,11,11,11,3,3,3
7334,SP,11,11,11,11,10,10,10,1,1,1
7335,SP,10,11,11,11,11,11,11,2,2,2
7336,SP,11,11,11,11,11,11,11,2,2,2
7337,SP,11,10,10,10,10,10,10,1,1,1
7338,SP,10,11,11,11,11,11,11,2,2,2
7339,SP,11,11,11,10,10,10,10,1,1,1
7340,SP,10,10,10,10,10,11,11,2,2,2
7341,SP,11,11,11,11,11,11,11,2,2,2
7342,SP,10,10,10,10,10,10,10,1,1,1
7343,SP,11,11,11,11,11,11,11,2,2,2
7344,SP,10,10,10,10,10,10,10,0,0,0
7345,SP,11,11,11,11,11,11,11,3,3,3
7346,SP,11,11,11,10,10,10,10,1,1,1
7347,SP,10,11,11,11,11,11,11,2,2,2
7348,SP,11,11,11,11,11,11,11,2,2,2
7349,SP,11,11,11,11,10,10,10,1,1,1
7350,SP,10,10,10,10,10,10,11,1,1,1
7351,SP,10,10,10,10,10,10,10,1,1,1
7352,SP,10,11,11,11,11,11,11,2,2,2
7353,SP,11,10,10,10,10,10,10,1,1,1
7354,SP,10,11,11,11,11,11,11,2,2,2
7355,SP,11,11,11,11,11,11,11,2,2,2
7356,SP,10,10,10,10,10,10,10,0,1,1
7357,SP,10,11,11,11,11,11,11,2,2,2
7358,SP,11,11,10,10,10,10,10,1,1,1
7359,SP,10,10,10,10,10,11,11,2,2,2
7360,SP,11,11,11,11,10,10,10,1,1,1
7361,SP,10,10,10,10,11,11,11,2,2,2
7362,SP,11,11,11,11,11,11,11,2,2,2
7363,SP,10,10,10,10,10,10,10,1,0,1
7364,SP,10,11,11,11,11,11,11,2,3,3
7365,SP,11,11,11,11,11,10,10,1,1,1
7366,SP,10,10,10,10,10,10,10,1,1,1
7367,SP,11,11,11,11,11,11,11,2,2,2
7368,SP,10,10,10,10,10,11,11,2,2,2
7369,SP,11,11,11,11,11,11,11,2,2,2
7370,SP,10,10,10,10,10,10,10,1,1,1
7371,SP,11,11,11,10,10,11,11,2,2,2
7372,SP,10,10,10,10,10,10,10,1,1,1
7373,SP,11,11,11,11,11,11,11,2,2,2
7374,SP,11,11,11,11,11,11,11,2,2,2
7375,SP,10,10,10,10,10,10,10,1,1,1
7376,SP,11,11,11,11,11,11,11,2,2,2
7377,SP,10,10,10,10,10,10,10,1,1,1
7378,SP,11,11,11,11,11,11,11,2,2,2
7379,SP,10,10,10,10,10,10,10,1,1,1
7380,SP,11,11,11,11,11,11,11,2,2,2
7381,SP,11,11,11,11,11,11,11,2,2,2
7382,SP,10,10,10,10,10,10,10,1,1,1
7383,SP,11,11,11,11,11,11,10,2,1,2
7384,SP,10,10,10,10,10,10,10,0,0,0
7385,SP,11,11,11,11,11,11,11,3,3,3
7386,SP,11,10,10,10,10,10,10,1,1,1
7387,SP,11,11,11,11,11,11,11,2,2,2
7388,SP,11,11,11,11,11,11,11,2,2,2
7389,SP,11,10,10,10,10,10,10,1,1,1
7390,SP,10,11,11,11,11,11,11,2,2,2
7391,SP,11,11,11,10,10,10,10,1,1,1
7392,SP,10,10,10,10,10,11,11,2,2,2
7393,SP,11,11,11,11,11,10,11,1,1,1
7394,SP,10,10,10,10,10,10,10,1,1,1
7395,SP,11,11,11,11,11,11,11,2,2,2
7396,SP,10,10,10,10,10,10,10,0,0,0
7397,SP,11,11,11,11,11,11,11,3,3,3
7398,SP,11,11,10,10,10,10,11,1,1,1
7399,SP,11,11,11,11,11,11,11,2,2,2
7400,SP,11,11,11,11,11,11,11,2,2,2
7401,SP,10,10,10,10,10,10,10,1,1,1
7402,SP,10,11,11,10,10,10,10,2,1,2
7403,SP,10,10,10,10,10,10,10,1,1,1
7404,SP,11,11,11,11,11,11,11,2,3,2
7405,SP,10,10,10,10,10,10,10,1,1,1
7406,SP,11,11,11,11,11,11,11,2,2,2
7407,SP,11,11,11,11,11,11,11,2,2,2
7408,SP,10,10,10,10,10,10,10,1,1,1
7409,SP,11,11,11,11,11,11,11,2,2,2
7410,SP,10,10,10,10,10,10,10,1,1,1
7411,SP,11,11,11,11,11,11,11,3,2,3
7412,SP,10,10,10,10,10,10,10,0,1,0
7413,SP,10,11,11,11,11,11,11,3,3,3
7414,SP,11,11,11,11,11,11,11,3,2,3
7415,SP,10,10,10,10,10,10,10,0,0,0
7416,SP,10,11,10,10,10,11,11,2,2,2
7417,SP,10,10,10,10,10,10,10,1,1,1
7418,SP,10,11,11,11,11,11,11,2,2,2
7419,SP,11,11,11,10,10,10,10,1,1,1
7420,SP,10,10,11,11,11,11,11,2,2,2
7421,SP,11,11,11,11,11,11,11,2,2,2
7422,SP,10,10,10,10,10,10,10,1,1,1
7423,SP,10,10,10,10,10,10,10,2,1,1
7424,SP,11,10,11,10,10,10,10,1,1,1
7425,SP,10,10,10,10,10,11,11,2,2,2
7426,SP,11,11,11,11,11,11,11,2,2,2
7427,SP,10,10,10,10,10,10,11,1,1,1
7428,SP,11,11,11,11,11,11,11,2,2,2
7429,SP,10,10,10,10,10,10,10,1,1,1
7430,SP,10,10,11,11,11,11,11,2,2,2
7431,SP,11,11,11,11,11,10,10,1,1,1
7432,SP,10,10,10,10,10,10,10,2,2,2
7433,SP,11,11,11,11,11,10,10,1,1,1
7434,SP,10,10,10,10,10,11,10,2,2,2
7435,SP,11,11,11,11,11,11,11,2,2,2
7436,SP,10,10,10,10,10,10,10,0,1,0
7437,SP,11,11,11,11,11,11,11,2,2,2
7438,SP,10,10,10,10,10,10,10,1,1,1
7439,SP,11,11,11,11,11,11,11,2,2,2
7440,SP,11,11,11,11,11,11,11,2,2,2
7441,SP,10,10,10,10,10,10,10,1,1,1
7442,SP,11,11,11,11,11,11,11,2,2,2
7443,SP,10,10,10,10,10,10,10,0,0,0
7444,SP,11,11,11,11,11,11,11,2,2,2
7445,SP,11,11,11,10,10,10,10,1,1,1
7446,SP,10,11,11,11,11,11,11,2,2,2
7447,SP,11,11,11,11,11,11,11,2,2,2
7448,SP,10,10,10,10,10,10,10,1,1,1
7449,SP,10,10,10,10,10,11,11,2,2,2
7450,SP,10,10,10,10,10,10,10,1,1,1
7451,SP,10,10,10,11,11,11,11,2,2,2
7452,SP,11,11,11,11,11,11,11,1,2,1
7453,SP,10,10,10,10,10,11,10,2,1,2
7454,SP,11,11,11,11,11,11,11,2,2,2
7455,SP,11,11,10,10,10,10,10,1,1,1
7456,SP,10,10,10,10,10,11,11,2,2,2
7457,SP,11,11,11,11,11,11,11,2,2,2
7458,SP,10,10,10,10,10,10,10,1,1,1
7459,SP,11,11,11,11,11,11,11,2,2,2
7460,SP,10,10,10,10,10,10,10,1,1,1
7461,SP,11,11,11,11,11,11,11,2,2,2
7462,SP,10,10,10,10,10,10,10,1,1,1
7463,SP,11,10,10,10,10,11,11,2,2,2
7464,SP,10,11,11,11,11,10,10,1,1,1
7465,SP,10,10,11,11,11,11,11,2,2,2
7466,SP,11,11,11,11,11,11,11,2,2,2
7467,SP,10,10,10,10,10,10,10,1,1,1
7468,SP,11,11,11,11,11,11,11,2,2,2
7469,SP,10,10,10,10,10,10,10,0,0,0
7470,SP,11,11,11,11,11,11,11,3,3,3
7471,SP,11,10,10,10,10,10,10,1,1,1
7472,SP,10,11,11,11,11,11,11,2,2,2
7473,SP,11,11,11,11,11,11,11,2,2,2
7474,SP,10,10,10,10,10,10,10,0,0,0
7475,SP,10,11,11,11,11,11,11,2,2,2
7476,SP,11,11,10,10,10,10,10,1,1,1
7477,SP,10,10,10,10,10,11,11,2,2,2
7478,SP,11,11,11,11,11,10,10,1,1,1
7479,SP,10,10,11,11,11,11,11,2,2,2
7480,SP,11,11,11,10,10,10,10,1,1,1
7481,SP,10,10,10,10,10,10,10,1,1,1
7482,SP,10,11,11,11,11,11,11,2,2,2
7483,SP,11,11,11,11,11,10,10,1,2,1
7484,SP,10,10,10,10,10,11,11,2,1,2
7485,SP,11,11,11,11,11,11,11,2,2,2
7486,SP,10,10,10,10,10,10,10,1,1,1
7487,SP,11,10,10,10,10,10,10,1,1,1
7488,SP,10,10,10,10,10,10,10,0,0,0
7489,SP,11,11,11,11,11,11,11,3,3,3
7490,SP,11,10,10,10,10,10,10,1,1,1
7491,SP,11,11,11,11,11,11,11,2,2,2
7492,SP,11,11,11,11,11,11,11,2,2,2
7493,SP,10,10,10,10,10,10,10,1,1,1
7494,SP,11,11,11,11,11,11,11,2,2,2
7495,SP,10,10,10,10,10,10,10,1,1,1
7496,SP,10,11,11,11,11,11,11,3,3,3
7497,SP,11,11,11,11,11,10,10,1,1,1
7498,SP,11,11,11,11,11,11,11,2,2,2
7499,SP,11,11,11,11,11,11,11,2,2,2
7500,SP,10,10,10,10,10,10,10,1,1,1
7501,SP,10,10,11,10,10,11,11,2,2,2
7502,SP,10,10,10,10,10,10,10,1,1,1
7503,SP,11,11,11,11,11,11,11,2,2,2
7504,SP,10,10,10,10,10,10,10,1,1,1
7505,SP,11,11,11,11,11,11,11,2,2,2
7506,SP,11,11,11,11,11,11,11,2,2,2
7507,SP,10,10,10,10,10,10,10,1,1,1
7508,SP,10,11,10,10,11,11,11,2,2,2
7509,SP,10,10,10,10,10,10,10,1,1,1
7510,SP,11,11,11,11,11,11,11,3,2,2
7511,SP,11,10,10,10,10,10,10,1,1,1
7512,SP,10,11,11,11,11,11,11,2,2,2
7513,SP,11,11,11,11,11,11,11,2,2,2
7514,SP,11,10,10,10,10,10,10,1,1,1
7515,SP,10,10,11,10,10,11,11,2,1,2
7516,SP,11,10,10,10,10,10,10,1,1,1
7517,SP,10,10,10,10,11,11,11,2,2,2
7518,SP,11,11,11,11,10,10,10,1,1,1
7519,SP,10,10,10,10,11,11,11,2,2,2
7520,SP,11,11,11,11,11,11,11,2,2,2
7521,SP,11,10,10,10,10,10,10,1,1,1
7522,SP,10,10,10,10,10,11,11,2,2,2
7523,SP,11,11,11,11,11,11,11,1,1,1
7524,SP,10,10,10,10,10,11,11,2,2,2
7525,SP,11,11,11,11,11,10,11,1,1,1
7526,SP,10,10,10,10,10,10,10,1,1,1
7527,SP,11,11,11,11,11,11,11,2,2,2
7528,SP,10,10,10,10,10,10,10,0,0,0
7529,SP,11,11,11,11,11,11,11,3,3,3
7530,SP,10,10,10,10,10,10,10,1,1,1
7531,SP,11,11,11,11,11,11,11,2,2,2
7532,SP,11,11,11,11,11,11,11,2,2,2
7533,SP,10,10,10,10,10,10,10,1,1,1
7534,SP,11,11,11,11,11,11,11,2,2,2
7535,SP,10,10,10,10,10,10,10,0,0,0
7536,SP,10,11,11,11,11,11,11,2,3,2
7537,SP,11,11,11,11,11,11,11,1,1,1
7538,SP,10,10,10,10,10,11,11,2,2,2
7539,SP,11,11,11,11,11,10,10,2,2,2
7540,SP,10,10,10,10,10,10,10,1,1,1
7541,SP,11,11,11,11,11,11,11,2,2,2
7542,SP,11,11,11,11,11,10,11,1,2,1
7543,SP,11,11,11,11,11,11,11,2,1,2
7544,SP,11,11,11,11,11,11,11,2,2,2
7545,SP,10,10,10,10,10,10,10,1,1,1
7546,SP,11,11,11,11,11,10,11,2,2,2
7547,SP,10,10,10,10,10,10,10,0,0,0
7548,SP,11,11,11,11,11,11,11,3,3,3
7549,SP,11,11,11,11,11,10,10,1,1,1
7550,SP,10,10,10,10,10,11,11,2,2,2
7551,SP,11,11,11,11,11,11,11,2,2,2
7552,SP,10,10,10,10,10,10,10,1,1,1
7553,SP,11,11,11,11,11,11,11,2,2,2
7554,SP,10,10,10,10,10,10,10,1,1,1
7555,SP,11,11,11,11,11,11,11,2,2,2
7556,SP,11,11,11,11,11,11,11,2,2,2
7557,SP,10,10,10,10,10,10,10,1,1,1
7558,SP,11,11,11,11,11,11,11,2,2,2
7559,SP,10,10,10,10,10,10,10,1,1,1
7560,SP,11,11,11,11,11,11,11,2,2,2
7561,SP,10,10,10,10,10,10,10,1,1,1
7562,SP,11,11,11,11,11,11,11,2,2,2
7563,SP,11,10,11,10,11,11,11,2,2,2
7564,SP,10,10,10,10,10,10,10,1,1,1
7565,SP,11,11,11,11,11,11,11,2,2,2
7566,SP,10,10,10,10,10,10,10,1,1,1
7567,SP,11,11,11,11,11,11,11,2,2,2
7568,SP,10,10,10,10,10,10,10,1,0,1
7569,SP,11,11,11,11,11,11,11,2,3,2
7570,SP,11,11,11,11,11,11,11,2,2,2
7571,SP,10,10,10,10,10,10,10,0,0,0
7572,SP,10,11,11,11,11,11,11,2,2,2
7573,SP,10,10,10,10,10,10,10,0,0,0
7574,SP,10,11,11,11,11,11,11,3,3,3
7575,SP,11,11,11,11,11,10,10,1,1,1
7576,SP,10,11,11,11,11,11,11,2,2,2
7577,SP,11,11,11,11,11,11,11,2,2,2
7578,SP,10,10,10,10,10,10,10,1,1,1
7579,SP,10,10,11,11,11,11,11,2,2,2
7580,SP,11,11,11,10,10,10,10,1,1,1
7581,SP,10,10,10,10,10,11,11,2,2,2
7582,SP,11,11,11,11,11,11,10,1,1,1
7583,SP,10,10,10,10,10,11,11,2,2,2
7584,SP,11,11,11,11,11,11,11,2,2,2
7585,SP,10,10,10,10,10,10,10,0,1,0
7586,SP,10,11,11,11,11,11,11,2,2,2
7587,SP,11,11,11,11,11,11,11,2,2,2
7588,SP,11,10,10,10,10,10,10,1,1,1
7589,SP,10,11,11,11,11,11,11,2,2,2
7590,SP,10,10,10,10,10,10,10,1,1,1
7591,SP,11,11,11,11,11,11,11,2,2,2
7592,SP,10,10,10,10,10,10,10,0,0,0
7593,SP,11,11,11,11,11,11,11,3,3,3
7594,SP,11,10,10,10,10,10,10,1,1,1
7595,SP,11,11,11,11,11,11,11,2,2,2
7596,SP,11,11,11,10,10,11,11,2,2,2
7597,SP,10,10,10,10,10,10,10,1,1,1
7598,SP,11,11,11,11,11,11,11,2,2,2
7599,SP,10,10,10,10,10,10,10,0,1,0
7600,SP,10,11,11,11,11,11,11,2,2,2
7601,SP,11,10,10,10,10,10,10,1,1,1
7602,SP,11,11,11,11,11,11,11,2,2,2
7603,SP,11,11,11,11,11,11,11,2,2,2
7604,SP,10,10,10,10,10,10,10,1,1,1
7605,SP,11,11,11,11,11,11,11,2,2,2
7606,SP,10,10,10,10,10,10,10,1,1,1
7607,SP,10,10,10,10,11,11,11,2,2,2
7608,SP,11,11,11,11,11,11,11,2,2,2
7609,SP,10,10,10,10,10,11,11,2,2,2
7610,SP,11,11,11,11,11,11,11,2,1,2
7611,SP,11,10,10,10,10,10,10,1,1,1
7612,SP,10,10,10,10,10,11,11,2,2,2
7613,SP,11,11,11,11,11,11,11,1,1,1
7614,SP,10,10,10,10,10,11,11,2,2,2
7615,SP,11,11,11,11,11,10,10,1,1,1
7616,SP,10,10,10,10,10,10,10,1,1,1
7617,SP,11,11,11,11,11,11,11,2,2,2
7618,SP,10,10,10,10,10,10,10,1,0,1
7619,SP,11,11,11,11,11,11,11,2,3,2
7620,SP,10,10,10,10,10,10,10,1,1,1
7621,SP,10,11,11,11,11,11,11,2,2,2
7622,SP,11,11,11,11,11,11,11,2,2,2
7623,SP,10,10,10,10,10,10,10,1,1,1
7624,SP,11,11,11,11,11,11,11,2,2,2
7625,SP,10,10,10,10,10,10,10,1,1,1
7626,SP,11,11,11,11,11,11,11,2,2,2
7627,SP,10,10,10,10,10,10,10,0,0,0
7628,SP,11,11,11,11,11,11,11,2,2,2
7629,SP,11,11,11,11,11,11,11,2,2,2
7630,SP,10,10,10,10,10,10,10,1,1,1
7631,SP,11,11,11,11,11,11,11,2,2,2
7632,SP,10,10,10,10,10,10,10,0,0,0
7633,SP,11,11,11,11,11,11,11,3,3,3
7634,SP,11,10,10,10,10,10,10,1,1,1
7635,SP,10,11,11,11,11,11,11,2,2,2
7636,SP,11,11,11,11,11,11,11,2,2,2
7637,SP,10,10,10,10,10,10,10,0,0,0
7638,SP,10,11,11,11,11,11,11,2,2,2
7639,SP,11,10,10,10,10,10,10,1,1,1
7640,SP,10,10,11,11,11,11,11,2,2,2
7641,SP,11,11,11,11,11,10,10,1,1,1
7642,SP,10,10,10,11,11,11,11,2,2,2
7643,SP,11,11,11,11,11,11,11,2,2,2
7644,SP,10,10,10,10,10,10,10,1,1,1
7645,SP,10,10,10,10,10,11,11,2,2,2
7646,SP,11,11,11,11,11,10,10,1,1,1
7647,SP,10,10,10,10,10,11,11,2,2,2
7648,SP,11,11,11,11,11,10,10,1,1,1
7649,SP,10,10,10,10,10,11,11,2,2,2
7650,SP,11,11,11,11,11,11,11,2,2,2
7651,SP,10,10,10,10,10,10,10,1,1,1
7652,SP,10,11,11,11,11,11,11,2,2,2
7653,SP,11,11,11,11,11,10,10,1,1,1
7654,SP,10,10,11,11,11,11,11,2,2,2
7655,SP,11,10,10,10,10,10,10,0,0,0
7656,SP,10,10,10,10,11,11,11,2,2,2
7657,SP,11,11,11,11,11,11,11,2,2,2
7658,SP,10,10,10,10,10,10,10,0,1,0
7659,SP,10,11,11,11,11,11,11,2,2,2
7660,SP,10,10,10,10,10,10,10,0,0,0
7661,SP,10,11,11,11,11,11,11,3,3,3
7662,SP,11,11,11,11,11,11,11,2,2,2
7663,SP,10,10,10,10,10,10,10,1,1,1
7664,SP,11,11,11,11,11,11,11,2,3,2
7665,SP,11,10,10,10,10,10,10,1,1,1
7666,SP,11,11,11,11,11,11,11,2,2,2
7667,SP,10,10,10,10,10,10,10,1,1,1
7668,SP,10,11,11,11,11,11,11,3,3,3
7669,SP,11,10,10,10,10,10,10,0,0,0
7670,SP,10,10,11,11,11,11,11,2,2,2
7671,SP,11,11,11,11,11,11,11,2,2,2
7672,SP,11,10,10,10,10,10,10,0,1,0
7673,SP,10,10,10,10,11,11,11,2,2,2
7674,SP,10,10,10,10,10,10,10,0,0,0
7675,SP,10,11,11,11,11,11,11,3,3,3
7676,SP,11,11,10,10,10,10,10,1,1,1
7677,SP,10,10,10,10,11,11,11,2,2,2
7678,SP,11,11,11,11,11,11,11,2,2,2
7679,SP,11,10,10,10,10,10,10,0,0,0
7680,SP,10,11,11,11,11,11,11,2,2,2
7681,SP,11,11,10,10,10,10,10,1,1,1
7682,SP,10,10,10,10,11,11,11,2,2,2
7683,SP,11,11,11,11,11,11,11,2,2,2
7684,SP,10,10,10,10,10,10,11,1,1,1
7685,SP,11,11,11,11,11,11,11,3,2,2
7686,SP,10,10,10,10,10,10,10,1,1,1
7687,SP,11,11,11,11,11,11,11,2,2,2
7688,SP,10,10,10,10,10,10,10,0,1,0
7689,SP,10,11,11,11,11,11,11,2,2,2
7690,SP,11,11,11,10,10,10,10,1,1,1
7691,SP,11,11,11,11,11,11,11,2,2,2
7692,SP,11,11,11,11,11,11,11,2,2,2
7693,SP,10,10,10,10,10,10,10,0,0,0
7694,SP,10,11,11,11,11,11,11,2,2,2
7695,SP,11,10,10,10,10,10,10,1,1,1
7696,SP,10,10,11,11,11,11,11,2,2,2
7697,SP,11,11,11,11,11,11,11,2,2,2
7698,SP,10,10,10,10,10,10,10,1,1,1
7699,SP,11,11,11,11,11,11,11,2,2,2
7700,SP,10,10,10,10,10,10,10,0,0,0
7701,SP,11,11,11,11,11,11,11,3,3,3
7702,SP,11,11,11,11,11,10,10,1,1,1
7703,SP,11,10,10,10,10,10,10,1,1,1
7704,SP,11,11,11,11,11,11,11,2,2,2
7705,SP,10,10,10,10,10,10,10,1,1,1
7706,SP,11,11,11,11,11,11,11,2,2,2
7707,SP,10,10,10,10,10,10,10,1,1,1
7708,SP,10,11,11,10,10,11,11,2,2,2
7709,SP,11,11,11,11,11,11,11,2,2,2
7710,SP,10,10,10,10,10,10,10,1,1,1
7711,SP,11,11,11,11,11,11,11,2,2,2
7712,SP,10,10,10,10,10,10,10,1,1,1
7713,SP,11,11,11,11,11,11,11,2,2,2
7714,SP,10,10,10,10,10,10,10,1,1,1
7715,SP,11,11,11,11,11,11,11,2,2,2
7716,SP,11,10,10,10,10,11,10,1,1,1
7717,SP,10,11,11,10,10,10,11,2,1,2
7718,SP,11,11,11,11,11,11,11,2,2,2
7719,SP,10,10,10,10,10,10,10,1,1,1
7720,SP,10,11,11,11,11,11,11,2,2,2
7721,SP,10,10,10,10,10,10,10,0,0,0
7722,SP,11,11,11,11,11,11,11,3,3,3
7723,SP,11,11,11,11,11,11,11,2,2,2
7724,SP,11,11,11,11,11,11,11,2,2,2
7725,SP,11,11,11,11,11,11,11,2,2,2
7726,SP,10,10,10,10,10,10,10,1,0,1
7727,SP,11,11,11,11,11,11,11,2,2,2
7728,SP,10,10,10,10,10,10,10,1,1,1
7729,SP,10,11,11,11,11,11,11,2,2,2
7730,SP,11,10,10,10,10,10,10,1,1,1
7731,SP,10,11,11,11,11,11,11,2,2,2
7732,SP,11,11,11,11,11,11,11,2,2,2
7733,SP,10,10,10,10,10,10,10,1,1,1
7734,SP,10,10,10,10,10,10,11,2,1,2
7735,SP,11,11,11,11,11,10,10,1,1,1
7736,SP,10,10,10,10,10,11,11,2,2,2
7737,SP,11,11,11,11,11,11,11,2,2,2
7738,SP,10,10,10,10,10,11,10,1,1,1
7739,SP,11,11,11,10,10,10,10,1,1,1
7740,SP,10,10,10,10,10,10,10,1,1,1
7741,SP,11,11,11,11,11,11,11,3,3,3
7742,SP,11,11,11,11,11,11,11,2,1,1
7743,SP,10,10,10,11,11,11,11,2,2,2
7744,SP,11,11,11,11,11,11,11,2,1,2
7745,SP,10,10,10,10,10,10,10,1,1,1
7746,SP,11,11,11,11,11,11,11,2,2,2
7747,SP,10,11,10,10,10,10,10,1,1,1
7748,SP,10,11,11,11,11,11,11,2,3,2
7749,SP,11,11,11,11,11,10,10,2,2,2
7750,SP,10,10,10,10,10,10,10,1,1,1
7751,SP,10,11,11,11,11,11,11,2,2,2
7752,SP,10,10,10,10,10,10,10,1,1,1
7753,SP,11,11,11,11,11,11,11,2,2,2
7754,SP,11,11,11,10,10,10,11,2,2,2
7755,SP,10,10,10,10,10,10,10,1,1,1
7756,SP,11,11,11,11,11,11,11,2,2,2
7757,SP,10,10,10,10,10,10,10,0,0,0
7758,SP,10,11,11,11,11,11,11,3,3,3
7759,SP,11,11,11,11,11,11,10,1,2,1
7760,SP,10,10,10,10,10,10,10,1,1,1
7761,SP,11,11,11,11,11,11,11,2,2,2
7762,SP,10,10,10,10,10,10,10,0,0,0
7763,SP,11,11,11,11,11,11,11,3,3,3
7764,SP,11,11,11,11,11,11,11,1,2,2
7765,SP,10,10,10,10,10,10,10,1,1,1
7766,SP,11,11,11,11,11,11,11,2,2,2
7767,SP,10,10,10,10,10,10,10,0,0,0
7768,SP,11,11,11,11,11,11,11,3,3,3
7769,SP,11,10,10,10,10,10,10,1,1,1
7770,SP,10,10,10,11,11,11,11,2,2,2
7771,SP,11,11,11,11,11,11,11,2,2,2
7772,SP,10,10,10,10,10,10,10,0,1,0
7773,SP,10,11,11,11,11,11,11,2,2,2
7774,SP,10,10,10,10,10,10,10,1,1,1
7775,SP,11,11,11,11,11,11,11,2,2,2
7776,SP,11,11,11,11,11,11,11,2,2,2
7777,SP,10,10,10,10,10,10,10,1,1,1
7778,SP,11,11,11,11,11,11,11,2,2,2
7779,SP,11,10,10,10,10,10,10,1,1,1
7780,SP,10,10,10,11,11,11,11,2,2,2
7781,SP,11,11,11,11,11,10,10,1,1,1
7782,SP,10,10,10,10,10,10,10,1,2,1
7783,SP,11,11,11,11,11,11,11,2,1,2
7784,SP,10,10,10,10,10,10,10,0,1,0
7785,SP,11,11,11,11,11,11,11,3,3,3
7786,SP,11,11,11,11,10,10,10,1,1,1
7787,SP,10,10,10,10,10,10,10,2,1,1
7788,SP,11,11,11,11,11,11,11,2,2,2
7789,SP,10,10,10,10,10,10,10,0,0,0
7790,SP,11,11,11,11,11,11,11,3,3,3
7791,SP,11,11,11,11,11,10,11,1,1,1
7792,SP,10,10,10,10,10,10,10,1,2,1
7793,SP,11,11,11,11,11,11,11,2,2,2
7794,SP,10,10,10,10,10,10,10,0,0,0
7795,SP,11,11,11,11,11,11,11,3,3,3
7796,SP,11,11,11,11,11,11,11,1,2,1
7797,SP,10,10,10,10,10,10,10,2,2,2
7798,SP,11,11,11,11,11,11,11,2,2,2
7799,SP,10,10,10,10,10,10,10,0,0,0
7800,SP,11,11,11,11,11,11,11,3,3,3
7801,SP,11,11,11,11,10,10,10,1,1,1
7802,SP,10,10,10,11,11,11,11,2,2,2
7803,SP,11,11,11,11,11,11,11,2,2,2
7804,SP,10,10,10,10,10,10,10,0,0,0
7805,SP,11,11,11,11,11,11,11,3,3,3
7806,SP,11,11,11,10,10,10,10,1,1,1
7807,SP,11,11,11,11,11,11,11,2,2,2
7808,SP,11,11,11,11,11,11,11,2,2,2
7809,SP,10,10,10,10,10,10,10,1,1,1
7810,SP,10,10,10,10,11,11,11,2,2,2
7811,SP,11,11,11,11,11,11,11,1,2,1
7812,SP,10,10,10,11,11,11,11,2,2,2
7813,SP,11,11,11,10,10,10,10,1,1,1
7814,SP,10,10,10,10,10,10,10,1,1,1
7815,SP,11,11,11,11,11,11,11,2,2,2
7816,SP,10,10,10,10,10,10,10,1,0,1
7817,SP,11,11,11,11,11,11,11,2,2,2
7818,SP,10,10,10,10,10,10,10,1,1,1
7819,SP,11,11,11,11,11,11,11,2,2,2
7820,SP,11,11,11,11,11,11,11,2,2,2
7821,SP,10,10,10,10,10,10,10,1,0,1
7822,SP,10,11,11,10,11,11,11,2,2,2
7823,SP,11,10,10,10,10,10,10,1,1,1
7824,SP,10,10,11,11,11,11,11,2,2,2
7825,SP,11,11,11,11,11,10,10,1,1,1
7826,SP,10,10,10,10,10,10,10,1,1,1
7827,SP,11,11,11,11,11,11,11,2,2,2
7828,SP,10,10,10,10,10,10,10,0,0,0
7829,SP,11,11,11,11,11,11,11,3,3,3
7830,SP,11,11,11,11,10,10,10,1,1,1
7831,SP,10,10,10,10,10,10,10,1,1,1
7832,SP,11,11,11,11,11,11,11,2,2,2
7833,SP,10,10,10,10,10,10,10,0,0,0
7834,SP,10,11,11,11,11,11,11,3,3,3
7835,SP,11,11,11,11,11,11,11,1,2,1
7836,SP,10,10,10,10,10,10,10,1,1,1
7837,SP,11,11,11,11,11,11,11,2,2,2
7838,SP,10,10,10,10,10,10,10,0,0,0
7839,SP,10,11,11,11,11,11,11,3,3,3
7840,SP,11,11,11,11,11,11,11,1,2,1
7841,SP,10,10,10,10,10,10,10,1,1,1
7842,SP,11,11,11,11,11,11,11,2,2,2
7843,SP,10,10,10,10,10,10,10,0,0,0
7844,SP,11,11,11,11,11,11,11,3,3,3
7845,SP,11,11,11,11,11,10,10,1,1,1
7846,SP,11,11,11,11,11,11,11,2,2,2
7847,SP,11,11,11,11,11,11,11,2,2,2
7848,SP,10,10,10,10,10,10,10,1,1,1
7849,SP,10,11,11,11,11,11,11,2,2,2
7850,SP,11,11,11,11,11,11,11,2,2,2
7851,SP,10,10,10,10,10,10,10,2,1,2
7852,SP,11,11,11,11,11,11,11,2,2,2
7853,SP,10,10,10,10,10,10,10,1,1,1
7854,SP,11,11,11,11,11,11,11,2,2,2
7855,SP,10,10,10,10,10,10,10,0,0,0
7856,SP,11,11,11,11,11,11,11,3,2,3
7857,SP,11,11,11,11,11,11,11,2,2,2
7858,SP,10,10,10,10,10,10,10,0,0,0
7859,SP,11,11,11,11,11,11,11,3,3,3
7860,SP,11,11,11,11,11,10,10,1,1,1
7861,SP,10,10,10,10,11,11,11,2,2,2
7862,SP,11,11,11,11,11,11,11,2,2,2
7863,SP,10,10,10,10,10,10,10,1,1,1
7864,SP,11,11,11,11,10,10,11,2,1,2
7865,SP,10,10,10,10,10,10,10,0,0,0
7866,SP,11,11,11,11,11,11,11,3,3,3
7867,SP,11,11,10,10,10,10,10,1,1,1
7868,SP,10,11,11,11,11,11,11,2,2,2
7869,SP,11,11,11,11,11,11,11,2,1,2
7870,SP,11,10,10,10,10,10,10,1,1,1
7871,SP,10,10,10,10,11,11,11,2,2,2
7872,SP,10,10,10,10,10,10,10,1,1,1
7873,SP,11,11,11,11,11,11,11,3,3,3
7874,SP,11,11,11,11,11,11,11,2,2,2
7875,SP,10,10,10,10,10,10,10,1,1,1
7876,SP,11,11,11,11,11,11,11,2,2,2
7877,SP,10,10,10,10,10,10,10,0,0,0
7878,SP,10,11,11,11,11,11,11,3,3,3
7879,SP,11,11,10,10,10,10,10,1,1,1
7880,SP,10,10,10,10,10,11,10,2,1,2
7881,SP,11,11,11,11,11,11,11,2,2,2
7882,SP,10,10,10,10,10,10,10,0,0,0
7883,SP,11,11,11,11,11,11,11,3,3,3
7884,SP,11,10,10,10,10,10,10,1,1,1
7885,SP,11,11,11,11,11,11,11,2,2,2
7886,SP,11,11,11,11,11,11,11,2,2,2
7887,SP,10,10,10,10,10,10,10,0,0,0
7888,SP,10,11,11,11,11,11,11,2,2,2
7889,SP,11,11,11,11,10,10,10,1,1,1
7890,SP,10,10,10,10,10,11,11,2,2,2
7891,SP,11,11,11,11,11,11,11,2,2,2
7892,SP,10,10,10,10,10,10,10,1,1,1
7893,SP,11,11,11,11,11,11,11,2,2,2
7894,SP,10,10,10,10,10,10,10,0,0,0
7895,SP,11,11,11,11,11,11,11,3,3,3
7896,SP,11,11,11,11,11,10,10,1,1,1
7897,SP,10,10,10,10,10,10,10,1,1,1
7898,SP,11,11,11,11,11,11,11,2,2,2
7899,SP,10,10,10,10,10,10,10,0,0,0
7900,SP,11,11,11,11,11,11,11,3,3,3
7901,SP,10,10,11,10,10,10,10,1,1,1
7902,SP,11,11,11,11,11,11,11,2,2,2
7903,SP,11,11,11,11,11,11,11,2,2,2
7904,SP,10,10,10,10,10,10,10,1,1,1
7905,SP,10,11,11,10,10,11,11,2,1,2
7906,SP,10,10,10,10,10,10,10,1,1,1
7907,SP,10,10,10,10,11,11,11,2,2,2
7908,SP,11,11,11,11,11,11,11,2,2,2
7909,SP,10,10,10,10,10,10,10,1,1,1
7910,SP,11,11,11,10,11,11,11,2,2,2
7911,SP,10,10,10,10,10,10,10,0,0,0
7912,SP,11,11,11,11,11,11,11,3,3,3
7913,SP,11,10,10,10,10,10,10,1,1,1
7914,SP,10,11,11,11,11,11,11,2,2,2
7915,SP,11,11,11,11,11,11,11,2,1,2
7916,SP,10,10,10,10,10,10,10,1,1,1
7917,SP,10,10,11,11,11,11,11,2,2,2
7918,SP,11,11,11,11,11,10,10,1,1,1
7919,SP,10,10,10,10,10,11,11,2,2,2
7920,SP,11,11,11,11,11,11,11,2,2,2
7921,SP,10,10,10,10,10,10,10,1,1,1
7922,SP,11,11,11,11,11,11,11,2,2,2
7923,SP,10,10,10,10,10,10,10,0,0,0
7924,SP,11,11,11,11,11,11,11,3,3,3
7925,SP,10,10,10,10,10,10,10,0,0,0
7926,SP,10,11,11,11,11,10,11,2,1,2
7927,SP,10,11,11,11,11,11,11,2,3,2
7928,SP,11,11,11,11,11,11,11,2,3,2
7929,SP,10,11,11,11,11,10,11,2,3,3
7930,SP,11,11,11,11,11,11,11,3,3,3
7931,SP,11,11,11,11,11,11,11,1,2,1
7932,SP,10,10,10,10,10,10,10,0,0,0
7933,SP,11,11,11,11,11,11,11,3,3,3
7934,SP,11,11,11,11,11,10,10,1,2,1
7935,SP,10,10,10,10,10,11,11,2,2,2
7936,SP,11,11,11,11,11,11,11,2,2,2
7937,SP,10,10,10,10,10,10,11,1,1,1
7938,SP,11,11,11,11,11,11,11,2,2,2
7939,SP,10,10,10,10,10,10,10,0,0,0
7940,SP,11,11,11,11,11,11,11,3,3,3
7941,SP,11,11,11,11,10,10,10,1,1,1
7942,SP,10,10,10,10,10,10,10,1,2,1
7943,SP,11,11,11,11,11,11,11,2,2,2
7944,SP,10,10,10,10,10,10,10,0,0,0
7945,SP,11,11,11,11,11,11,11,3,3,3
7946,SP,10,10,10,10,10,10,10,1,1,1
7947,SP,10,11,10,11,11,11,11,2,2,2
7948,SP,11,11,11,11,11,11,11,2,2,2
7949,SP,11,10,10,10,10,10,10,1,1,1
7950,SP,10,11,11,11,11,11,11,2,2,2
7951,SP,11,11,11,11,11,11,11,1,1,1
7952,SP,10,10,10,10,10,11,11,2,1,2
7953,SP,11,11,11,11,11,11,11,2,2,2
7954,SP,10,10,10,10,10,10,10,1,1,1
7955,SP,11,11,11,11,11,11,11,2,2,2
7956,SP,10,10,10,10,10,10,10,0,0,0
7957,SP,11,11,11,11,11,11,11,3,3,3
7958,SP,11,11,11,11,11,11,11,1,2,1
7959,SP,10,10,10,10,10,10,10,1,1,1
7960,SP,11,11,11,11,11,11,11,2,2,2
7961,SP,10,10,10,10,10,10,10,1,1,1
7962,SP,11,11,11,11,11,11,11,2,1,2
7963,SP,10,10,10,10,10,10,10,1,1,1
7964,SP,11,11,11,11,11,11,11,3,3,3
7965,SP,11,11,11,11,11,11,11,2,2,2
7966,SP,10,10,10,10,10,10,10,1,1,1
7967,SP,10,11,11,11,11,11,11,2,2,2
7968,SP,11,10,10,10,10,10,10,1,1,1
7969,SP,10,10,10,10,11,11,11,2,2,2
7970,SP,11,11,11,11,11,11,11,2,1,2
7971,SP,10,10,10,10,10,10,10,1,1,1
7972,SP,11,11,11,11,11,11,11,2,2,2
7973,SP,10,10,10,10,10,10,10,0,0,0
7974,SP,11,11,11,11,11,11,11,3,3,3
7975,SP,11,10,10,10,10,10,10,1,1,1
7976,SP,11,11,11,11,11,11,11,2,2,2
7977,SP,11,11,11,11,11,11,11,2,2,2
7978,SP,10,10,10,10,10,10,10,1,1,1
7979,SP,10,11,11,11,11,11,11,2,2,2
7980,SP,11,10,10,10,10,10,10,1,1,1
7981,SP,10,10,10,10,11,11,11,2,2,2
7982,SP,11,11,11,11,11,11,10,2,2,2
7983,SP,10,10,10,10,10,10,10,1,1,1
7984,SP,11,11,11,11,11,11,11,2,2,2
7985,SP,10,10,10,10,10,10,10,1,1,1
7986,SP,10,11,11,11,11,11,11,2,2,2
7987,SP,10,10,10,10,10,10,10,1,1,1
7988,SP,11,11,11,11,11,11,11,2,3,2
7989,SP,11,11,11,11,11,11,11,2,2,2
7990,SP,10,10,10,10,10,10,10,1,1,1
7991,SP,10,11,11,11,11,11,11,2,2,2
7992,SP,11,10,10,10,10,10,10,1,1,1
7993,SP,10,10,11,11,11,11,11,2,2,2
7994,SP,11,11,11,11,10,10,10,1,1,1
7995,SP,10,10,10,11,11,11,11,2,2,2
7996,SP,11,11,11,11,11,11,11,2,2,2
7997,SP,11,10,10,10,10,10,10,1,1,1
7998,SP,10,11,11,11,11,11,11,2,2,2
7999,SP,11,10,10,10,10,10,10,1,1,1
8000,SP,10,10,10,10,10,11,11,2,2,2
8001,SP,11,11,11,11,11,10,10,1,1,1
8002,SP,10,10,10,10,11,11,11,2,2,2
8003,SP,11,11,11,11,11,11,11,2,2,2
8004,SP,10,10,10,10,10,10,10,1,1,1
8005,SP,10,10,10,10,10,11,11,2,2,2
8006,SP,11,11,11,11,11,11,11,2,2,2
8007,SP,10,10,10,10,10,10,10,1,1,1
8008,SP,11,11,11,11,11,11,11,2,2,2
8009,SP,10,10,10,10,10,11,11,2,2,2
8010,SP,11,11,11,11,11,11,11,2,2,2
8011,SP,10,10,10,10,10,10,10,1,1,1
8012,SP,10,11,11,11,11,11,11,2,2,2
8013,SP,10,10,10,10,10,10,10,1,1,1
8014,SP,11,11,11,11,11,11,11,2,2,2
8015,SP,11,11,11,11,11,11,11,2,2,2
8016,SP,10,10,10,10,10,10,10,1,1,1
8017,SP,10,11,11,11,11,11,10,2,2,2
8018,SP,10,10,10,10,10,10,10,0,1,0
8019,SP,10,11,11,11,11,11,11,3,2,3
8020,SP,11,11,11,11,11,11,11,2,1,2
8021,SP,10,10,10,10,10,10,11,1,1,1
8022,SP,11,11,11,11,11,11,11,2,2,2
8023,SP,10,10,10,10,10,10,10,0,0,0
8024,SP,11,11,11,11,11,11,11,3,2,3
8025,SP,10,10,10,10,10,10,10,1,1,1
8026,SP,11,11,11,11,11,11,11,2,2,2
8027,SP,11,11,11,11,11,11,11,2,2,2
8028,SP,10,10,10,10,10,10,10,1,0,0
8029,SP,10,11,11,11,11,11,11,2,3,2
8030,SP,11,10,10,10,10,10,10,1,1,1
8031,SP,10,10,10,10,11,11,11,2,2,2
8032,SP,11,11,11,11,11,11,11,2,2,2
8033,SP,10,10,10,10,10,10,10,1,1,1
8034,SP,11,11,11,11,11,11,11,2,2,2
8035,SP,10,10,10,10,10,10,10,0,0,0
8036,SP,11,11,11,11,11,11,11,3,3,3
8037,SP,11,11,11,11,11,10,11,1,2,1
8038,SP,10,10,10,11,11,11,11,2,2,2
8039,SP,11,11,11,11,11,11,11,2,2,2
8040,SP,10,10,10,10,10,10,10,1,1,1
8041,SP,10,11,11,10,11,11,11,2,2,2
8042,SP,11,11,11,11,11,10,11,1,2,1
8043,SP,10,10,10,10,10,11,11,2,1,2
8044,SP,11,11,11,11,11,11,11,2,2,2
8045,SP,10,10,10,10,10,10,10,1,1,1
8046,SP,11,11,11,11,11,11,11,2,2,2
8047,SP,10,10,10,10,10,10,10,1,1,1
8048,SP,10,10,10,10,11,11,11,2,2,2
8049,SP,10,10,10,10,10,10,10,1,1,1
8050,SP,11,11,11,11,11,11,11,2,2,2
8051,SP,11,11,11,11,11,11,11,2,2,2
8052,SP,10,10,10,10,10,10,10,1,1,1
8053,SP,11,11,11,11,11,11,11,2,2,2
8054,SP,10,10,10,10,10,10,10,0,0,0
8055,SP,10,11,11,11,11,11,11,2,2,2
8056,SP,10,10,10,10,10,10,10,1,1,1
8057,SP,11,11,11,11,11,11,11,2,2,2
8058,SP,11,11,11,11,11,11,11,2,2,2
8059,SP,10,10,10,10,10,10,10,1,1,1
8060,SP,11,11,11,11,11,11,11,2,2,2
8061,SP,10,10,10,10,10,10,10,1,1,1
8062,SP,10,11,11,11,11,11,11,2,2,2
8063,SP,10,10,10,10,10,10,10,1,1,1
8064,SP,10,11,11,11,11,11,11,2,2,2
8065,SP,11,11,11,11,11,11,11,2,2,2
8066,SP,10,10,10,10,10,10,10,1,1,1
8067,SP,10,10,11,10,10,11,11,2,2,2
8068,SP,11,11,11,11,11,11,11,1,2,2
8069,SP,10,10,10,10,10,10,10,1,1,1
8070,SP,11,11,11,11,11,10,11,1,1,1
8071,SP,10,10,10,10,11,11,11,2,2,2
8072,SP,11,11,11,11,11,11,11,2,2,2
8073,SP,10,10,10,10,10,10,10,1,1,1
8074,SP,10,11,11,11,11,11,11,2,2,2
8075,SP,11,11,11,11,11,11,10,1,2,1
8076,SP,10,10,10,10,10,10,10,1,2,1
8077,SP,11,11,11,11,11,11,11,2,2,2
8078,SP,10,10,10,10,10,11,10,1,2,1
8079,SP,11,11,11,11,11,11,11,2,2,2
8080,SP,10,10,10,10,10,10,10,0,1,1
8081,SP,10,10,11,10,11,11,11,2,2,2
8082,SP,11,11,11,11,11,11,11,2,2,2
8083,SP,11,10,10,10,10,10,10,1,1,1
8084,SP,11,11,11,11,11,11,11,2,2,2
8085,SP,10,10,10,10,10,10,10,1,1,1
8086,SP,11,11,11,11,11,11,11,2,2,2
8087,SP,10,10,10,10,10,10,10,1,1,1
8088,SP,10,10,10,10,10,11,11,2,2,2
8089,SP,10,10,10,10,10,10,10,1,1,1
8090,SP,11,11,11,11,11,11,10,1,1,1
8091,SP,11,11,11,11,11,11,11,2,2,2
8092,SP,10,10,10,11,11,11,11,2,1,1
8093,SP,11,11,10,10,10,10,10,2,2,2
8094,SP,10,10,10,10,10,10,10,1,1,1
8095,SP,10,11,11,11,11,11,11,2,2,2
8096,SP,10,10,10,10,10,10,10,1,1,1
8097,SP,11,11,11,11,11,11,11,2,2,2
8098,SP,11,11,11,11,11,11,11,2,2,2
8099,SP,10,10,10,10,10,10,10,1,1,1
8100,SP,11,11,11,11,11,11,11,2,2,2
8101,SP,10,10,10,10,10,10,10,0,0,0
8102,SP,11,11,11,11,11,11,11,3,3,3
8103,SP,11,11,11,11,11,10,10,1,1,1
8104,SP,10,10,10,10,10,11,11,2,2,2
8105,SP,11,11,11,11,11,11,11,2,2,2
8106,SP,10,10,10,10,10,10,10,1,1,1
8107,SP,10,11,11,11,11,11,11,2,2,2
8108,SP,11,11,11,11,11,11,11,2,2,2
8109,SP,10,10,10,10,10,10,10,1,1,1
8110,SP,11,11,11,11,11,11,11,2,2,2
8111,SP,10,10,10,10,10,10,10,1,1,1
8112,SP,11,11,11,10,10,11,11,2,2,2
8113,SP,10,10,10,10,10,10,10,1,1,1
8114,SP,11,11,11,11,11,11,11,2,2,2
8115,SP,10,10,10,10,10,10,10,1,1,1
8116,SP,11,11,11,11,11,11,11,3,2,3
8117,SP,11,11,11,11,11,11,11,2,2,2
8118,SP,10,10,10,10,10,10,10,1,1,1
8119,SP,11,11,11,11,11,11,11,2,2,2
8120,SP,10,10,10,10,10,10,10,0,1,0
8121,SP,10,11,11,11,11,11,11,2,2,2
8122,SP,11,10,10,10,10,10,10,1,1,1
8123,SP,10,11,11,11,11,11,11,2,2,2
8124,SP,11,11,11,11,11,11,11,2,2,2
8125,SP,10,10,10,10,10,10,10,1,1,1
8126,SP,10,11,11,11,11,11,11,2,2,2
8127,SP,11,10,10,10,10,10,10,1,1,1
8128,SP,10,10,10,10,11,11,11,2,2,2
8129,SP,11,11,11,11,11,10,10,1,1,1
8130,SP,10,10,10,11,11,11,11,2,2,2
8131,SP,11,11,11,11,11,11,11,2,2,2
8132,SP,10,10,10,10,10,10,10,1,0,1
8133,SP,10,10,10,10,10,11,11,2,2,2
8134,SP,11,11,11,11,11,10,10,1,1,1
8135,SP,10,10,10,10,10,10,11,2,1,2
8136,SP,11,11,11,11,11,10,11,1,1,1
8137,SP,10,10,10,11,11,11,11,2,1,2
8138,SP,11,11,11,11,11,11,11,2,2,2
8139,SP,10,10,10,10,10,10,10,1,1,1
8140,SP,10,10,10,10,10,11,11,2,2,2
8141,SP,11,11,11,11,11,10,10,1,1,1
8142,SP,10,10,10,10,10,10,10,2,2,2
8143,SP,11,11,11,11,11,10,11,1,1,1
8144,SP,10,11,11,11,11,11,11,2,2,2
8145,SP,11,11,11,11,11,10,11,2,2,2
8146,SP,10,10,10,10,10,10,10,1,1,1
8147,SP,10,11,11,10,11,11,11,2,2,2
8148,SP,11,11,11,11,11,10,10,1,1,1
8149,SP,10,10,10,10,10,10,11,1,1,1
8150,SP,11,11,11,11,11,11,10,2,2,2
8151,SP,10,10,10,10,10,11,11,2,2,2
8152,SP,11,11,11,11,11,11,11,2,2,2
8153,SP,10,10,10,10,10,10,10,0,1,1
8154,SP,10,10,10,10,10,11,11,2,2,2
8155,SP,11,11,11,11,11,11,11,2,2,2
8156,SP,10,10,10,10,10,10,10,1,1,1
8157,SP,11,11,11,11,11,11,11,2,2,2
8158,SP,10,10,10,10,10,10,11,1,1,1
8159,SP,10,11,11,10,11,11,11,2,2,2
8160,SP,10,10,10,10,10,10,10,1,1,1
8161,SP,10,11,11,11,11,11,11,2,2,2
8162,SP,10,10,10,10,10,10,10,1,1,1
8163,SP,11,11,11,11,11,11,11,2,3,3
8164,SP,11,11,11,11,11,11,11,2,2,2
8165,SP,10,10,10,10,10,10,10,1,1,1
8166,SP,11,11,11,11,11,11,11,2,2,2
8167,SP,10,10,10,10,10,10,10,1,1,1
8168,SP,10,11,11,11,11,11,11,2,2,2
8169,SP,11,10,10,10,10,10,10,1,1,1
8170,SP,10,11,11,11,11,11,11,2,2,2
8171,SP,11,11,11,11,11,11,11,2,2,2
8172,SP,10,10,10,10,10,10,10,1,1,1
8173,SP,10,11,11,10,11,11,11,2,2,2
8174,SP,11,11,11,11,11,10,10,1,1,1
8175,SP,10,10,10,10,10,11,11,2,2,2
8176,SP,11,11,11,11,11,11,11,2,2,2
8177,SP,10,10,10,10,11,11,11,2,2,2
8178,SP,11,11,11,11,11,11,11,2,2,2
8179,SP,10,10,10,10,10,10,10,0,1,0
8180,SP,10,10,10,10,10,11,11,2,2,2
8181,SP,11,11,11,11,11,11,10,2,1,2
8182,SP,10,10,10,10,10,10,10,1,2,1
8183,SP,11,11,11,11,11,11,11,2,2,2
8184,SP,10,10,10,10,10,10,10,1,1,1
8185,SP,11,11,11,11,11,11,11,2,2,2
8186,SP,10,10,10,10,10,10,10,1,1,1
8187,SP,10,11,11,11,11,11,11,2,2,2
8188,SP,10,10,10,10,10,10,10,1,1,1
8189,SP,11,11,11,11,11,11,11,2,2,2
8190,SP,11,11,11,11,11,11,11,2,2,2
8191,SP,10,10,10,10,10,10,10,1,1,1
8192,SP,11,11,11,11,11,11,11,2,2,2
8193,SP,10,10,10,10,10,10,10,0,0,0
8194,SP,11,11,11,11,11,11,11,3,3,3
8195,SP,11,11,11,11,11,11,11,2,1,1
8196,SP,10,10,10,10,10,11,11,2,1,2
8197,SP,11,11,11,11,11,11,11,2,2,2
8198,SP,10,10,10,10,10,10,10,0,0,0
8199,SP,11,11,11,11,11,11,11,3,3,3
8200,SP,10,10,10,10,10,10,10,1,1,1
8201,SP,11,11,11,11,11,11,11,2,1,2
8202,SP,11,11,11,11,11,11,11,2,3,2
8203,SP,10,10,10,10,10,10,10,1,1,1
8204,SP,11,11,11,11,11,11,11,2,2,2
8205,SP,10,10,10,10,10,10,10,0,0,0
8206,SP,10,11,11,11,11,11,11,2,2,2
8207,SP,11,11,11,10,10,10,10,1,1,1
8208,SP,10,11,10,11,11,11,11,2,2,2
8209,SP,11,11,11,11,11,11,11,2,2,2
8210,SP,10,10,10,10,10,10,10,1,1,1
8211,SP,10,10,10,10,10,11,11,2,2,2
8212,SP,11,11,11,11,11,11,11,1,1,1
8213,SP,10,10,10,10,10,10,11,1,1,1
8214,SP,11,11,11,11,11,10,11,1,2,2
8215,SP,10,10,10,10,11,11,11,2,2,2
8216,SP,11,11,11,11,11,11,11,2,2,2
8217,SP,10,10,10,10,10,10,10,1,1,1
8218,SP,10,10,10,10,10,10,10,2,2,2
8219,SP,11,11,11,11,11,11,11,1,1,1
8220,SP,10,10,10,10,10,10,10,1,1,1
8221,SP,11,11,11,11,11,11,11,2,2,2
8222,SP,10,10,10,10,10,10,10,1,1,1
8223,SP,11,11,11,11,11,11,11,2,1,2
8224,SP,10,10,10,10,10,10,10,1,1,1
8225,SP,10,11,11,11,11,11,11,2,2,2
8226,SP,11,11,10,11,11,11,10,2,1,2
8227,SP,11,11,10,11,10,10,11,1,1,1
8228,SP,11,11,11,11,11,11,11,2,2,2
8229,SP,10,10,10,10,10,10,10,1,2,1
8230,SP,11,11,11,11,11,11,11,2,2,2
8231,SP,10,10,10,10,10,10,10,1,1,1
8232,SP,10,10,10,10,10,11,11,2,2,2
8233,SP,10,10,10,10,10,10,10,1,1,1
8234,SP,11,11,11,11,11,11,11,2,2,2
8235,SP,11,11,11,11,11,11,11,2,2,2
8236,SP,10,10,10,10,10,10,10,1,1,1
8237,SP,11,11,11,11,11,11,11,2,2,2
8238,SP,10,10,10,10,10,10,10,1,1,1
8239,SP,11,11,11,11,11,11,11,2,2,2
8240,SP,10,10,10,10,10,10,10,1,1,1
8241,SP,11,11,11,11,11,11,11,2,2,2
8242,SP,11,11,11,11,11,11,11,2,2,2
8243,SP,10,10,10,10,10,10,10,1,1,1
8244,SP,10,11,11,11,11,11,11,2,2,2
8245,SP,10,10,10,10,10,10,10,0,0,0
8246,SP,10,11,11,11,11,11,11,3,2,3
8247,SP,11,11,11,11,11,10,10,1,2,1
8248,SP,10,10,10,10,10,10,10,2,1,2
8249,SP,11,11,11,11,11,11,11,2,2,2
8250,SP,10,10,10,10,10,10,10,0,0,0
8251,SP,11,11,11,11,11,11,11,3,3,3
8252,SP,11,10,10,10,10,10,10,1,1,1
8253,SP,10,11,11,11,11,11,11,2,2,2
8254,SP,11,11,11,11,11,11,11,2,2,2
8255,SP,10,10,10,10,10,10,10,1,1,1
8256,SP,10,11,11,11,11,11,11,2,2,2
8257,SP,11,10,10,10,10,10,10,1,0,1
8258,SP,10,10,10,10,11,11,11,2,2,2
8259,SP,11,11,11,11,11,11,11,1,1,1
8260,SP,10,10,10,10,10,11,11,2,2,2
8261,SP,11,11,11,11,11,11,10,2,2,2
8262,SP,10,10,10,10,10,10,10,1,1,1
8263,SP,10,10,10,10,10,11,11,2,2,2
8264,SP,11,11,11,11,11,11,11,2,2,2
8265,SP,10,10,10,10,10,10,10,1,1,1
8266,SP,11,11,11,11,11,11,11,2,2,2
8267,SP,10,10,10,10,10,10,10,1,1,1
8268,SP,11,11,11,11,11,11,11,2,2,2
8269,SP,10,10,10,10,10,10,10,1,1,1
8270,SP,11,11,11,10,10,11,10,2,1,2
8271,SP,10,10,10,10,10,10,10,1,2,1
8272,SP,11,11,11,11,11,11,11,2,2,2
8273,SP,11,11,11,11,11,11,11,2,2,2
8274,SP,10,10,10,10,10,10,11,1,1,1
8275,SP,11,11,11,11,11,11,11,2,1,2
8276,SP,10,10,10,10,10,10,10,1,1,1
8277,SP,11,11,11,11,11,11,11,2,2,2
8278,SP,10,10,10,10,10,10,10,1,1,1
8279,SP,11,11,11,11,11,11,11,2,2,2
8280,SP,11,11,11,11,11,11,11,2,2,2
8281,SP,10,10,10,10,10,10,10,1,1,1
8282,SP,11,11,11,11,11,11,11,2,2,2
8283,SP,10,10,10,10,10,10,10,0,0,0
8284,SP,10,11,11,11,11,11,11,2,2,2
8285,SP,11,11,11,10,10,10,10,1,1,1
8286,SP,10,10,11,11,11,11,11,2,2,2
8287,SP,11,11,11,11,11,11,11,2,2,2
8288,SP,10,10,10,10,10,10,10,1,1,1
8289,SP,10,10,11,10,11,11,11,2,2,2
8290,SP,11,11,11,11,11,11,11,1,2,1
8291,SP,10,10,10,10,10,10,11,1,1,1
8292,SP,11,11,11,11,11,11,11,2,2,2
8293,SP,10,10,10,10,10,11,10,1,1,1
8294,SP,11,11,11,11,11,11,11,2,2,2
8295,SP,11,10,10,10,10,10,10,1,1,1
8296,SP,10,11,11,10,10,11,10,2,2,2
8297,SP,10,10,10,10,11,11,10,1,1,1
8298,SP,11,11,11,11,11,11,11,2,1,2
8299,SP,10,11,11,11,11,11,11,2,1,2
8300,SP,10,10,10,10,10,10,11,1,2,1
8301,SP,11,11,11,11,11,11,10,2,1,2
8302,SP,10,10,10,10,10,10,10,1,1,1
8303,SP,11,11,11,11,11,11,11,2,2,2
8304,SP,10,10,10,10,10,10,10,1,1,1
8305,SP,11,11,11,11,11,11,11,2,2,2
8306,SP,11,11,11,11,11,11,11,2,2,2
8307,SP,10,10,10,10,10,10,10,1,1,1
8308,SP,11,11,11,11,11,11,11,2,2,2
8309,SP,10,10,10,10,10,10,10,0,0,0
8310,SP,11,11,11,11,11,11,11,2,2,2
8311,SP,10,10,10,10,10,10,10,1,1,1
8312,SP,10,11,11,11,11,11,11,2,3,3
8313,SP,11,11,11,11,11,11,11,2,2,2
8314,SP,10,10,10,10,10,10,10,1,1,1
8315,SP,10,11,11,11,11,11,11,2,2,2
8316,SP,11,10,10,10,10,10,10,1,1,1
8317,SP,10,10,10,10,10,11,11,2,2,2
8318,SP,11,11,11,11,10,10,11,1,1,1
8319,SP,10,11,11,11,11,11,11,2,2,2
8320,SP,11,11,11,11,11,11,11,2,2,2
8321,SP,10,10,10,10,10,10,10,1,1,1
8322,SP,10,10,11,10,10,11,11,2,2,2
8323,SP,11,11,11,11,11,11,11,1,2,1
8324,SP,10,10,10,10,10,10,11,1,1,1
8325,SP,11,11,11,11,11,11,11,2,1,2
8326,SP,10,10,10,10,10,11,11,2,2,2
8327,SP,11,11,11,11,11,11,11,2,2,2
8328,SP,10,10,10,10,10,10,10,1,1,1
8329,SP,10,10,11,10,10,11,11,2,2,2
8330,SP,11,11,11,11,11,11,11,2,2,2
8331,SP,10,10,10,10,10,10,10,1,1,1
8332,SP,11,11,11,11,11,11,11,2,2,2
8333,SP,10,10,10,10,10,10,11,1,1,1
8334,SP,11,11,11,11,11,11,11,2,2,2
8335,SP,10,10,10,10,10,10,10,0,0,0
8336,SP,11,11,11,11,11,11,11,2,2,2
8337,SP,10,10,10,10,10,10,10,1,1,1
8338,SP,11,11,11,11,11,11,11,2,2,2
8339,SP,11,11,11,11,11,11,11,2,2,2
8340,SP,10,10,10,10,10,10,10,0,1,0
8341,SP,10,11,11,11,11,11,11,2,2,2
8342,SP,11,11,11,11,11,10,10,1,2,1
8343,SP,10,10,10,10,10,11,11,2,2,2
8344,SP,11,11,11,11,11,11,11,2,2,2
8345,SP,10,10,10,10,10,11,11,2,2,2
8346,SP,11,11,11,11,11,11,11,2,1,2
8347,SP,10,10,10,10,10,10,10,1,1,1
8348,SP,10,11,11,11,11,11,11,2,2,2
8349,SP,10,10,10,10,10,10,10,1,1,1
8350,SP,11,11,11,11,11,11,11,2,2,2
8351,SP,11,11,11,11,11,11,11,2,2,2
8352,SP,10,10,10,10,10,10,10,1,1,1
8353,SP,11,11,11,11,11,11,11,2,2,2
8354,SP,10,10,10,10,10,10,10,1,1,1
8355,SP,11,11,11,11,11,11,11,2,2,2
8356,SP,11,10,10,10,10,10,10,1,1,1
8357,SP,10,11,11,11,11,11,11,2,3,2
8358,SP,11,11,11,11,11,11,11,2,2,2
8359,SP,10,10,10,10,10,10,10,1,1,1
8360,SP,10,11,11,10,11,11,11,2,2,2
8361,SP,11,11,11,11,11,10,10,1,1,1
8362,SP,10,10,10,10,10,10,11,1,2,1
8363,SP,11,11,11,11,11,11,10,2,1,2
8364,SP,10,10,10,10,10,11,10,2,2,2
8365,SP,11,11,11,11,11,11,11,2,2,2
8366,SP,10,10,10,10,10,10,10,1,1,1
8367,SP,10,10,11,10,10,11,11,2,2,2
8368,SP,10,10,10,10,10,10,11,1,1,1
8369,SP,11,11,11,11,11,11,11,2,2,2
8370,SP,11,11,11,11,11,11,11,2,2,2
8371,SP,10,10,10,10,10,10,10,1,1,1
8372,SP,11,11,11,11,11,11,11,2,2,2
8373,SP,10,10,10,10,10,10,10,1,1,1
8374,SP,11,11,11,11,11,11,11,2,2,2
8375,SP,10,10,10,10,10,10,10,1,1,1
8376,SP,11,11,11,11,11,11,11,2,3,2
8377,SP,11,11,11,11,11,11,11,2,2,2
8378,SP,10,10,10,10,10,10,10,1,1,1
8379,SP,11,11,11,11,11,11,11,2,1,2
8380,SP,10,10,10,10,10,10,10,0,0,0
8381,SP,10,11,11,11,11,11,11,2,3,2
8382,SP,11,10,10,10,10,10,10,1,1,1
8383,SP,10,10,11,11,11,11,11,2,2,2
8384,SP,11,11,11,11,11,11,11,2,2,2
8385,SP,10,10,10,10,10,10,10,1,1,1
8386,SP,10,11,11,11,11,11,11,2,2,2
8387,SP,11,10,10,10,10,10,10,1,2,1
8388,SP,10,10,10,10,10,11,11,2,1,2
8389,SP,11,11,11,11,11,11,10,2,2,2
8390,SP,11,10,10,11,11,11,10,1,1,1
8391,SP,11,11,11,11,11,11,11,2,2,2
8392,SP,10,10,10,10,10,10,10,0,1,0
8393,SP,10,11,11,11,11,11,11,2,2,2
8394,SP,10,10,10,10,10,10,10,1,1,1
8395,SP,11,11,11,11,11,11,11,2,3,2
8396,SP,11,11,11,11,11,11,11,2,2,2
8397,SP,10,10,10,10,10,10,10,1,1,1
8398,SP,11,11,11,11,11,11,11,2,2,2
8399,SP,10,10,10,10,10,10,10,1,0,1
8400,SP,11,11,11,11,11,11,11,2,2,2
8401,SP,10,10,10,10,10,10,10,1,1,1
8402,SP,10,11,11,11,11,11,11,2,2,2
8403,SP,11,11,11,11,11,11,11,2,2,2
8404,SP,10,10,10,10,10,10,10,1,1,1
8405,SP,11,11,11,11,11,11,10,2,2,2
8406,SP,10,10,10,10,10,10,10,1,1,1
8407,SP,10,11,11,11,11,11,11,2,2,2
8408,SP,11,11,10,10,10,10,10,1,1,1
8409,SP,10,11,10,11,11,11,11,2,2,2
8410,SP,11,11,11,11,11,11,11,2,2,2
8411,SP,10,10,10,10,10,10,10,1,1,1
8412,SP,10,11,11,11,11,11,11,2,2,2
8413,SP,11,11,10,10,10,10,10,1,1,1
8414,SP,10,10,10,10,10,11,11,2,2,2
8415,SP,11,11,11,11,11,11,11,1,2,1
8416,SP,10,10,10,10,10,10,10,2,1,1
8417,SP,11,11,11,11,11,11,11,2,2,2
8418,SP,10,10,10,10,10,10,10,0,1,0
8419,SP,10,10,11,11,11,11,11,2,2,2
8420,SP,11,11,11,11,11,11,11,2,2,2
8421,SP,10,10,10,10,10,10,10,1,1,1
8422,SP,11,11,11,11,11,11,11,2,2,2
8423,SP,10,10,10,10,10,10,10,1,1,1
8424,SP,11,11,11,11,11,11,11,2,2,2
8425,SP,10,10,10,10,10,10,10,1,1,1
8426,SP,10,10,10,10,10,11,10,2,2,2
8427,SP,10,10,10,10,10,11,11,1,1,1
8428,SP,11,11,11,11,11,11,11,1,2,1
8429,SP,11,11,11,11,11,11,11,2,2,2
8430,SP,10,11,11,11,11,11,11,2,2,2
8431,SP,11,10,10,10,10,10,11,2,1,2
8432,SP,10,10,10,10,10,10,10,1,1,1
8433,SP,10,10,10,10,11,11,11,2,2,2
8434,SP,10,10,10,10,10,10,10,1,1,1
8435,SP,11,11,11,11,11,11,11,2,2,2
8436,SP,11,11,11,11,11,11,11,2,2,2
8437,SP,10,10,10,10,10,10,10,1,1,1
8438,SP,11,11,11,11,11,11,11,2,2,2
8439,SP,10,10,10,10,10,10,10,1,1,1
8440,SP,11,11,11,11,11,11,11,2,2,2
8441,SP,10,10,10,10,10,10,10,1,1,1
8442,SP,11,11,11,11,11,11,11,2,2,2
8443,SP,11,11,11,11,11,11,11,2,2,2
8444,SP,10,10,10,10,10,10,10,1,1,1
8445,SP,10,11,11,11,11,11,11,2,2,2
8446,SP,10,10,10,10,10,10,10,1,1,1
8447,SP,10,11,11,11,11,11,11,2,2,2
8448,SP,11,11,10,10,10,10,10,1,1,1
8449,SP,10,11,11,11,11,11,11,2,2,2
8450,SP,11,11,11,11,11,11,11,2,2,2
8451,SP,10,10,10,10,10,10,10,1,1,1
8452,SP,10,10,11,10,10,11,11,2,2,2
8453,SP,11,11,11,11,11,11,10,1,2,1
8454,SP,10,10,10,10,10,10,10,1,1,1
8455,SP,11,11,11,11,10,10,10,1,1,1
8456,SP,10,10,10,11,11,11,11,2,2,2
8457,SP,11,11,11,11,11,11,11,2,2,2
8458,SP,10,10,10,10,10,10,10,1,1,1
8459,SP,10,11,11,11,11,11,11,2,2,2
8460,SP,11,11,11,11,11,10,10,1,1,1
8461,SP,10,10,10,10,10,10,11,1,1,1
8462,SP,11,11,11,11,11,10,10,2,1,1
8463,SP,10,10,10,10,10,11,10,2,2,2
8464,SP,11,11,11,11,11,11,11,2,2,2
8465,SP,11,10,10,10,10,10,10,0,1,0
8466,SP,10,10,10,10,10,11,11,2,2,2
8467,SP,11,11,11,11,11,11,10,1,2,1
8468,SP,10,10,10,10,10,10,10,1,1,1
8469,SP,11,11,11,11,11,11,11,2,2,2
8470,SP,10,10,10,10,10,10,10,1,1,1
8471,SP,11,11,11,11,11,11,11,2,2,2
8472,SP,10,10,10,10,10,10,10,0,0,0
8473,SP,11,11,11,11,11,11,11,3,2,3
8474,SP,10,10,10,10,10,10,10,1,1,1
8475,SP,11,11,11,11,11,11,11,2,3,2
8476,SP,11,11,11,11,11,11,11,2,2,2
8477,SP,10,10,10,10,10,10,10,1,1,1
8478,SP,10,11,11,11,11,11,11,2,2,2
8479,SP,11,10,10,10,10,10,10,1,1,1
8480,SP,10,10,11,11,11,11,11,2,2,2
8481,SP,11,11,11,10,10,10,10,1,1,1
8482,SP,10,10,10,11,11,11,11,2,2,2
8483,SP,11,11,11,11,11,11,11,2,2,2
8484,SP,10,10,10,10,10,10,10,1,1,1
8485,SP,10,11,11,11,11,11,11,2,2,2
8486,SP,11,11,11,11,11,11,10,1,1,1
8487,SP,10,10,10,10,10,10,10,1,1,1
8488,SP,11,11,11,11,11,11,11,2,2,2
8489,SP,10,10,10,10,10,10,10,1,1,1
8490,SP,11,11,11,11,11,11,11,2,2,2
8491,SP,10,10,10,10,10,10,10,0,0,0
8492,SP,10,11,11,11,11,11,11,2,2,2
8493,SP,11,11,11,11,11,11,10,2,2,2
8494,SP,11,11,11,11,11,11,10,2,2,2
8495,SP,11,11,11,11,11,11,11,2,2,2
8496,SP,10,10,10,10,10,10,10,1,1,1
8497,SP,11,11,11,11,11,11,11,2,2,2
8498,SP,10,10,10,10,10,10,10,0,1,0
8499,SP,11,11,11,11,11,11,11,3,3,3
8500,SP,11,11,11,10,10,10,10,1,1,1
8501,SP,10,11,11,11,11,11,11,2,2,2
8502,SP,11,11,11,11,11,11,11,2,2,2
8503,SP,10,10,10,10,10,10,10,1,1,1
8504,SP,10,11,11,11,11,11,11,2,2,2
8505,SP,11,11,10,11,10,10,10,1,1,1
8506,SP,10,10,10,10,11,11,11,2,2,2
8507,SP,11,11,11,10,10,10,11,1,1,1
8508,SP,10,10,11,11,11,11,11,2,2,2
8509,SP,11,11,11,11,11,11,11,2,1,2
8510,SP,10,10,10,10,10,10,10,1,1,1
8511,SP,10,11,11,11,11,11,11,2,2,2
8512,SP,11,11,11,11,10,10,10,1,1,1
8513,SP,10,10,10,10,10,11,10,2,1,2
8514,SP,11,11,11,11,11,10,10,1,1,1
8515,SP,10,10,10,10,11,11,10,2,2,2
8516,SP,11,11,11,11,11,11,11,2,2,2
8517,SP,10,10,10,10,10,10,10,1,1,1
8518,SP,10,10,10,10,10,11,11,2,2,2
8519,SP,11,11,11,11,11,11,11,2,1,2
8520,SP,10,10,10,10,10,10,10,1,2,1
8521,SP,11,11,11,11,11,11,11,2,1,2
8522,SP,10,10,10,10,10,10,10,1,1,1
8523,SP,11,11,11,11,11,11,11,2,2,2
8524,SP,10,10,10,10,10,10,10,1,1,1
8525,SP,11,11,11,11,11,11,11,2,1,2
8526,SP,10,10,10,10,10,10,10,1,1,1
8527,SP,11,11,11,11,11,11,11,2,2,2
8528,SP,11,11,11,11,11,11,11,2,2,2
8529,SP,10,10,10,10,10,10,10,1,1,1
8530,SP,11,11,11,11,11,11,11,2,2,2
8531,SP,10,10,10,10,10,10,10,0,1,1
8532,SP,11,11,11,11,11,11,11,2,2,2
8533,SP,10,10,10,10,10,10,10,1,1,1
8534,SP,10,11,11,11,11,11,11,2,2,2
8535,SP,11,11,11,11,11,11,11,2,2,2
8536,SP,10,10,10,10,10,10,10,1,1,1
8537,SP,10,11,11,11,11,11,11,2,2,2
8538,SP,11,11,11,11,10,10,10,1,1,1
8539,SP,10,10,10,10,10,10,10,2,2,2
8540,SP,11,11,11,11,11,10,10,1,1,1
8541,SP,10,10,10,10,11,11,11,2,2,2
8542,SP,11,11,11,11,11,11,11,2,2,2
8543,SP,10,10,10,10,10,10,10,1,1,1
8544,SP,10,10,10,10,10,11,11,2,1,2
8545,SP,11,11,11,11,11,11,11,2,2,2
8546,SP,10,10,10,10,10,10,10,1,2,1
8547,SP,11,11,11,11,11,11,11,2,1,2
8548,SP,10,10,10,10,10,10,10,1,2,1
8549,SP,11,11,11,11,11,11,11,2,2,2
8550,SP,10,10,10,10,10,10,10,1,1,1
8551,SP,10,10,10,10,10,10,10,2,2,2
8552,SP,11,11,11,11,11,11,11,2,2,2
8553,SP,11,10,10,10,10,10,11,1,1,1
8554,SP,11,11,11,11,11,11,11,2,2,2
8555,SP,10,10,10,10,10,11,10,1,2,1
8556,SP,11,11,11,11,11,11,11,2,2,2
8557,SP,10,10,10,10,10,10,10,1,1,1
8558,SP,10,11,11,11,11,11,11,2,2,2
8559,SP,10,10,10,10,10,10,10,1,1,1
8560,SP,11,11,11,11,11,11,11,2,2,2
8561,SP,11,11,11,11,11,11,11,2,2,2
8562,SP,10,10,10,10,10,10,10,1,1,1
8563,SP,11,11,11,11,11,11,11,2,2,2
8564,SP,10,10,10,10,10,10,10,0,0,0
8565,SP,10,11,11,11,11,11,11,2,2,2
8566,SP,11,11,10,10,10,10,10,1,1,1
8567,SP,10,11,10,11,11,11,10,2,2,2
8568,SP,11,11,11,11,11,11,11,2,2,2
8569,SP,10,10,10,10,10,10,10,1,1,1
8570,SP,10,10,10,10,11,11,11,2,2,2
8571,SP,11,11,11,11,11,11,11,1,1,1
8572,SP,10,10,10,10,10,10,10,1,2,1
8573,SP,11,11,11,11,11,11,11,2,2,2
8574,SP,10,10,10,10,10,10,11,1,1,1
8575,SP,11,11,11,11,11,11,11,2,2,2
8576,SP,10,10,10,10,10,10,10,1,1,1
8577,SP,11,11,11,11,11,11,11,2,2,2
8578,SP,10,10,10,10,10,10,10,1,1,1
8579,SP,11,11,11,11,11,11,11,3,3,3
8580,SP,11,11,11,11,11,11,11,2,1,2
8581,SP,10,10,10,10,10,10,10,1,1,1
8582,SP,11,11,11,11,11,11,11,2,1,2
8583,SP,10,10,10,10,10,10,10,1,1,1
8584,SP,10,11,11,11,11,11,11,2,2,2
8585,SP,11,11,11,10,10,10,10,1,1,1
8586,SP,10,10,11,11,11,11,11,2,2,2
8587,SP,11,11,11,11,11,11,11,2,2,2
8588,SP,10,10,10,10,10,10,10,1,1,1
8589,SP,10,10,10,10,11,11,11,2,2,2
8590,SP,11,11,11,11,11,10,10,1,1,1
8591,SP,10,10,10,10,10,10,11,2,1,2
8592,SP,11,11,11,11,11,11,11,2,2,2
8593,SP,10,10,10,10,10,10,10,1,1,1
8594,SP,11,11,11,11,11,11,11,2,2,2
8595,SP,10,10,10,10,10,10,10,0,0,0
8596,SP,11,11,11,11,11,11,11,3,3,3
8597,SP,11,10,10,10,10,10,10,1,1,1
8598,SP,11,11,11,11,11,11,11,2,2,2
8599,SP,11,11,11,11,11,11,11,2,2,2
8600,SP,10,10,10,10,10,10,10,1,1,1
8601,SP,10,11,11,11,11,11,11,2,2,2
8602,SP,11,10,10,10,10,10,10,1,1,1
8603,SP,10,10,10,10,11,11,11,2,2,2
8604,SP,11,11,11,11,11,11,11,2,2,2
8605,SP,10,10,10,10,10,10,10,1,1,1
8606,SP,11,11,11,11,11,11,11,2,2,2
8607,SP,10,10,10,10,10,10,10,0,0,0
8608,SP,11,11,11,11,11,11,11,2,2,2
8609,SP,10,10,10,10,10,10,10,1,1,1
8610,SP,11,11,11,11,11,11,11,2,2,2
8611,SP,11,11,11,11,11,11,11,2,2,2
8612,SP,10,10,10,10,10,10,10,1,1,1
8613,SP,11,11,11,11,11,11,11,2,2,2
8614,SP,10,10,10,10,10,10,10,0,1,0
8615,SP,10,11,11,11,11,11,11,2,2,2
8616,SP,11,11,10,10,10,10,10,1,1,1
8617,SP,10,10,11,11,11,11,11,2,2,2
8618,SP,11,11,11,11,11,11,11,2,2,2
8619,SP,10,10,10,10,10,10,10,0,0,0
8620,SP,10,11,11,11,11,11,11,2,2,2
8621,SP,11,11,11,11,11,11,11,1,1,1
8622,SP,10,10,10,10,10,11,11,2,2,2
8623,SP,11,11,11,11,11,11,11,2,2,2
8624,SP,10,10,10,10,10,10,10,1,1,1
8625,SP,11,11,11,10,10,11,11,2,2,2
8626,SP,10,10,10,10,10,10,10,1,1,1
8627,SP,11,11,11,11,11,11,11,2,2,2
8628,SP,10,10,10,10,10,10,10,1,1,1
8629,SP,11,11,11,11,11,11,11,2,2,2
8630,SP,11,11,11,11,11,11,11,2,2,2
8631,SP,10,10,10,10,10,10,10,1,1,1
8632,SP,11,11,11,11,11,11,11,2,1,2
8633,SP,10,10,10,10,10,10,10,1,1,1
8634,SP,11,11,11,11,11,11,11,2,2,2
8635,SP,10,10,10,10,10,10,10,1,1,1
8636,SP,11,11,11,11,11,11,11,3,3,3
8637,SP,11,11,11,11,11,11,11,2,2,2
8638,SP,10,10,10,10,10,10,10,1,1,1
8639,SP,11,11,11,11,11,11,11,2,2,2
8640,SP,11,10,10,10,10,10,10,0,1,0
8641,SP,10,10,10,10,11,11,11,2,2,2
8642,SP,11,11,11,11,10,10,10,1,1,1
8643,SP,10,10,10,11,11,11,11,2,2,2
8644,SP,11,11,11,11,11,11,11,2,2,2
8645,SP,10,10,10,10,10,10,10,0,1,0
8646,SP,10,10,10,10,10,11,11,2,2,2
8647,SP,11,11,11,11,11,10,10,1,1,1
8648,SP,10,10,10,10,10,11,11,2,2,2
8649,SP,11,11,11,11,11,11,11,2,1,1
8650,SP,10,10,10,10,10,10,10,1,1,1
8651,SP,11,11,11,11,11,11,11,2,3,2
8652,SP,10,10,10,10,10,10,10,0,1,0
8653,SP,11,11,11,11,11,11,11,2,2,2
8654,SP,11,10,10,10,10,10,10,1,1,1
8655,SP,10,11,11,11,11,11,11,2,2,2
8656,SP,11,11,11,11,11,11,11,2,2,2
8657,SP,10,10,10,10,10,10,10,1,1,1
8658,SP,10,11,10,10,11,11,11,2,2,2
8659,SP,11,11,11,11,10,10,10,1,1,1
8660,SP,10,10,10,11,11,11,11,2,2,2
8661,SP,11,11,11,10,10,10,10,1,1,1
8662,SP,10,10,10,11,11,11,11,2,2,2
8663,SP,11,11,11,11,11,11,11,2,1,2
8664,SP,10,10,10,10,10,10,10,1,1,1
8665,SP,10,11,11,11,11,11,11,2,2,2
8666,SP,11,11,11,11,11,10,10,1,1,1
8667,SP,10,10,10,10,10,10,10,1,1,1
8668,SP,11,11,11,11,11,11,11,2,2,2
8669,SP,10,10,10,10,10,10,10,1,1,1
8670,SP,11,11,11,11,11,11,11,2,2,2
8671,SP,10,10,10,10,10,10,10,0,0,0
8672,SP,10,11,11,11,11,11,11,2,2,2
8673,SP,10,10,10,10,10,10,10,1,1,1
8674,SP,11,11,11,11,11,11,11,2,2,2
8675,SP,11,11,11,11,11,11,11,2,2,2
8676,SP,10,10,10,10,10,10,10,1,1,1
8677,SP,11,11,11,11,11,11,11,2,2,2
8678,SP,10,10,10,10,10,10,10,1,1,1
8679,SP,10,11,11,11,11,11,11,2,2,2
8680,SP,11,10,10,10,10,10,10,1,1,1
8681,SP,10,11,11,11,11,11,11,2,3,2
8682,SP,11,11,11,11,11,11,11,2,2,2
8683,SP,10,10,10,10,10,10,10,1,1,1
8684,SP,10,11,11,11,11,11,11,2,2,2
8685,SP,11,10,10,10,10,10,10,1,1,1
8686,SP,10,10,10,11,11,11,11,2,2,2
8687,SP,11,11,11,10,10,10,10,1,1,1
8688,SP,10,10,11,11,11,11,11,2,2,2
8689,SP,11,11,11,11,11,11,11,2,2,2
8690,SP,10,10,10,10,10,10,10,0,1,1
8691,SP,10,11,11,11,11,11,11,2,2,2
8692,SP,11,11,11,11,10,10,10,1,1,1
8693,SP,10,10,10,10,10,11,11,2,2,2
8694,SP,11,11,11,11,11,11,11,2,2,2
8695,SP,10,10,10,10,10,11,11,2,2,2
8696,SP,11,11,11,11,11,11,11,2,2,2
8697,SP,10,10,10,10,10,10,10,1,1,1
8698,SP,10,10,11,10,10,11,11,2,2,2
8699,SP,11,11,11,11,11,11,11,2,2,2
8700,SP,11,10,10,10,10,10,10,1,1,1
8701,SP,11,11,11,11,11,11,10,2,2,2
8702,SP,10,10,10,10,10,10,10,1,1,1
8703,SP,11,11,11,11,11,11,11,2,2,2
8704,SP,10,10,10,10,10,10,10,0,0,0
8705,SP,11,11,11,11,11,11,11,2,2,2
8706,SP,10,10,10,10,10,10,10,1,1,1
8707,SP,11,11,11,11,11,11,11,2,2,2
8708,SP,11,11,11,11,11,11,11,2,2,2
8709,SP,10,10,10,10,10,10,10,1,1,1
8710,SP,11,11,11,11,11,11,11,2,2,2
8711,SP,10,10,10,10,10,10,10,0,1,0
8712,SP,10,11,11,11,11,11,11,3,3,3
8713,SP,11,11,11,10,10,10,10,1,1,1
8714,SP,10,10,10,10,11,11,11,2,2,2
8715,SP,11,11,11,11,11,11,11,2,2,2
8716,SP,10,10,10,10,10,10,10,1,1,1
8717,SP,10,10,11,10,10,11,11,2,2,2
8718,SP,11,11,11,11,11,11,11,2,2,2
8719,SP,10,10,10,10,10,10,10,1,1,1
8720,SP,11,11,11,11,11,11,11,2,2,2
8721,SP,10,10,10,10,10,10,10,1,1,1
8722,SP,11,11,11,11,11,11,11,2,2,2
8723,SP,10,10,10,10,10,10,10,1,1,1
8724,SP,10,10,10,10,10,11,11,2,2,2
8725,SP,11,11,11,11,11,11,11,2,2,2
8726,SP,11,10,10,10,10,10,10,1,1,1
8727,SP,10,11,11,11,11,11,11,2,2,2
8728,SP,10,10,10,10,10,11,11,1,2,1
8729,SP,11,11,11,11,11,11,11,2,2,2
8730,SP,10,10,10,10,10,10,10,1,1,1
8731,SP,10,10,10,10,10,11,11,2,2,2
8732,SP,10,10,10,10,10,10,11,1,2,1
8733,SP,11,11,11,11,11,11,11,2,2,2
8734,SP,11,11,11,11,11,11,11,2,2,2
8735,SP,10,10,10,10,10,10,11,1,1,1
8736,SP,11,11,11,10,10,11,11,2,2,2
8737,SP,10,10,10,10,10,10,10,1,1,1
8738,SP,11,11,11,11,11,11,11,2,2,2
8739,SP,10,10,10,10,10,10,10,1,1,1
8740,SP,11,11,11,11,11,11,11,2,2,2
8741,SP,11,11,11,11,11,11,11,2,2,2
8742,SP,10,10,10,10,10,10,10,1,1,1
8743,SP,11,11,11,11,11,11,11,2,2,2
8744,SP,10,10,10,10,10,10,10,0,0,0
8745,SP,11,11,11,11,11,11,11,2,2,2
8746,SP,10,10,10,10,10,10,10,1,1,1
8747,SP,10,11,11,11,11,11,11,2,3,2
8748,SP,11,11,11,11,11,11,11,2,2,2
8749,SP,10,10,10,10,10,10,10,1,1,1
8750,SP,10,11,11,10,11,11,11,2,2,2
8751,SP,11,10,10,10,10,10,10,1,1,1
8752,SP,10,10,10,10,11,11,11,2,2,2
8753,SP,11,11,11,11,11,10,10,1,1,1
8754,SP,10,10,10,10,10,11,11,2,2,2
8755,SP,11,11,11,11,11,11,11,2,2,2
8756,SP,10,10,10,10,10,10,10,0,0,0
8757,SP,10,11,11,11,11,11,11,2,2,2
8758,SP,10,10,10,10,10,10,10,1,1,1
8759,SP,11,11,11,11,11,11,11,2,2,2
8760,SP,11,11,11,11,11,11,11,2,2,2
8761,SP,10,10,10,10,10,10,10,1,1,1
8762,SP,11,11,11,11,11,11,11,2,2,2
8763,SP,10,10,10,10,10,10,10,0,1,1
8764,SP,11,11,11,11,11,11,11,3,2,3
8765,SP,11,10,10,10,10,10,10,1,1,1
8766,SP,10,10,11,11,11,11,11,2,3,3
8767,SP,11,11,11,11,11,11,11,2,2,2
8768,SP,11,10,10,10,10,10,10,1,1,1
8769,SP,10,10,11,10,11,11,11,2,2,2
8770,SP,11,11,11,11,10,10,10,1,1,1
8771,SP,10,10,10,10,10,11,11,2,2,2
8772,SP,11,11,11,11,11,11,11,2,1,2
8773,SP,10,10,10,10,10,11,10,1,2,2
8774,SP,11,11,11,11,11,11,11,2,2,2
8775,SP,10,10,10,10,10,10,10,1,1,1
8776,SP,10,10,10,10,10,11,11,2,2,2
8777,SP,11,11,11,11,11,11,11,2,2,2
8778,SP,10,10,10,10,10,10,10,1,1,1
8779,SP,11,11,11,11,11,10,11,1,2,1
8780,SP,10,10,10,11,11,11,11,2,2,2
8781,SP,11,11,11,11,11,11,11,2,2,2
8782,SP,10,10,10,10,10,10,10,1,1,1
8783,SP,10,11,11,10,10,11,11,2,2,2
8784,SP,11,11,11,11,11,11,11,2,2,2
8785,SP,10,10,10,10,10,10,11,1,1,1
8786,SP,11,11,11,11,11,10,10,1,1,1
8787,SP,10,10,10,10,10,11,11,2,2,2
8788,SP,11,11,11,11,11,11,11,2,2,2
8789,SP,10,10,10,10,10,10,10,1,1,1
8790,SP,10,11,11,11,11,11,11,2,2,2
8791,SP,11,11,11,11,11,10,10,1,1,1
8792,SP,10,10,10,10,10,10,10,1,2,1
8793,SP,11,11,11,11,11,11,11,2,1,2
8794,SP,10,10,10,10,10,10,10,1,2,1
8795,SP,11,11,11,11,11,11,11,2,2,2
8796,SP,10,10,10,10,10,10,10,1,1,1
8797,SP,10,10,10,10,11,11,11,2,2,2
8798,SP,10,10,10,10,10,10,10,1,1,1
8799,SP,11,11,11,11,11,11,11,2,2,2
8800,SP,11,11,11,11,11,11,11,2,2,2
8801,SP,10,10,10,10,10,10,10,1,1,1
8802,SP,11,11,11,11,11,11,11,2,1,2
8803,SP,10,10,10,10,10,10,10,1,1,1
8804,SP,11,11,11,11,11,11,11,2,2,2
8805,SP,10,10,10,10,10,10,10,1,1,1
8806,SP,10,11,11,11,11,11,11,2,2,2
8807,SP,11,11,11,11,11,11,11,2,2,2
8808,SP,10,10,10,10,10,10,10,1,1,1
8809,SP,10,11,11,10,11,11,11,2,2,2
8810,SP,11,11,11,11,11,10,10,1,1,1
8811,SP,10,10,10,10,11,11,11,2,2,2
8812,SP,11,10,10,10,10,10,10,1,1,1
8813,SP,10,11,11,11,11,11,11,2,2,2
8814,SP,11,11,11,11,11,11,11,2,2,2
8815,SP,10,10,10,10,10,10,10,1,1,1
8816,SP,10,11,11,11,11,11,11,2,2,2
8817,SP,11,11,11,11,10,10,10,1,1,1
8818,SP,10,10,10,10,10,10,11,2,2,2
8819,SP,11,11,11,11,11,11,11,2,2,2
8820,SP,10,10,10,10,10,10,10,1,2,1
8821,SP,11,11,11,11,11,11,11,2,2,2
8822,SP,11,10,10,10,10,10,10,1,1,1
8823,SP,10,10,10,10,10,11,11,2,2,2
8824,SP,10,10,10,10,10,10,11,1,2,1
8825,SP,11,11,11,11,11,11,10,2,2,2
8826,SP,11,11,11,11,11,11,11,2,2,2
8827,SP,10,10,10,10,10,10,10,1,1,1
8828,SP,11,11,11,10,10,11,11,2,2,2
8829,SP,10,10,10,10,10,10,10,1,1,1
8830,SP,11,11,11,10,10,11,11,2,2,2
8831,SP,10,10,10,10,10,10,10,1,1,1
8832,SP,11,11,11,11,11,11,11,2,3,2
8833,SP,11,11,11,11,11,11,11,2,2,2
8834,SP,10,10,10,10,10,10,10,1,1,1
8835,SP,11,11,11,11,11,11,11,2,2,2
8836,SP,10,10,10,10,10,10,10,0,0,0
8837,SP,11,11,11,11,11,11,11,3,3,3
8838,SP,10,10,10,10,10,10,10,1,1,1
8839,SP,10,11,11,11,11,11,11,2,3,2
8840,SP,11,11,11,11,11,11,11,2,2,2
8841,SP,10,10,10,10,10,10,10,1,1,1
8842,SP,10,11,11,11,11,11,11,2,2,2
8843,SP,11,10,10,10,10,10,10,1,1,1
8844,SP,10,10,10,10,11,11,11,2,2,2
8845,SP,11,11,11,11,11,10,10,1,1,1
8846,SP,10,10,10,10,10,10,10,1,1,1
8847,SP,11,11,11,11,11,11,11,2,2,2
8848,SP,10,10,10,10,10,10,10,0,0,0
8849,SP,11,11,11,11,11,11,11,2,2,2
8850,SP,10,10,10,10,10,10,10,1,1,1
8851,SP,11,11,11,11,11,11,11,2,2,2
8852,SP,11,11,11,11,11,11,11,2,2,2
8853,SP,10,10,10,10,10,10,10,1,1,1
8854,SP,11,11,11,11,11,11,11,2,2,2
8855,SP,10,10,10,10,10,10,10,1,1,1
8856,SP,10,11,11,11,11,11,11,2,2,2
8857,SP,11,10,10,10,10,10,10,1,1,1
8858,SP,10,11,11,11,11,11,11,2,3,2
8859,SP,11,11,11,11,11,11,11,2,1,2
8860,SP,10,10,10,10,10,10,10,1,1,1
8861,SP,10,11,11,11,11,11,11,2,2,2
8862,SP,11,11,10,10,10,10,10,1,1,1
8863,SP,10,10,10,10,11,11,11,2,2,2
8864,SP,11,11,11,11,11,11,11,2,2,2
8865,SP,10,10,10,10,10,11,11,1,1,1
8866,SP,11,11,11,11,11,11,11,2,2,2
8867,SP,10,10,10,10,10,10,10,1,1,1
8868,SP,10,10,10,10,10,11,11,2,2,2
8869,SP,11,11,11,11,11,11,11,2,2,2
8870,SP,11,10,10,10,10,10,11,1,1,1
8871,SP,11,11,11,11,11,11,11,2,2,2
8872,SP,10,10,10,10,10,10,10,1,1,1
8873,SP,11,11,11,11,11,11,11,2,3,2
8874,SP,10,10,10,10,10,10,10,1,1,1
8875,SP,10,10,10,10,11,11,11,2,2,2
8876,SP,11,11,11,11,11,11,11,2,2,2
8877,SP,10,10,10,10,10,10,10,1,1,1
8878,SP,11,11,11,11,11,11,11,2,2,2
8879,SP,10,10,10,10,10,10,11,2,1,1
8880,SP,11,11,11,11,11,11,11,2,2,2
8881,SP,10,10,10,10,10,10,10,0,0,0
8882,SP,11,11,11,11,11,11,11,2,2,2
8883,SP,10,10,10,10,10,10,10,1,1,1
8884,SP,11,11,11,11,11,11,11,2,3,2
8885,SP,11,11,11,11,11,11,11,2,2,2
8886,SP,10,10,10,10,10,10,10,1,1,1
8887,SP,11,11,11,11,11,11,11,2,2,2
8888,SP,10,10,10,10,10,10,10,0,1,1
8889,SP,11,11,11,11,11,11,11,3,2,2
8890,SP,11,10,11,11,11,10,10,1,1,1
8891,SP,11,11,11,11,10,10,10,1,1,1
8892,SP,10,10,10,10,10,10,10,1,1,1
8893,SP,10,10,10,10,10,11,11,2,1,2
8894,SP,11,11,11,10,10,11,10,2,2,2
8895,SP,10,10,10,10,10,10,10,1,1,1
8896,SP,10,10,10,10,10,11,11,2,2,2
8897,SP,11,10,10,11,11,10,11,1,2,1
8898,SP,11,10,10,10,10,11,11,2,2,2
8899,SP,11,11,11,11,11,11,11,2,2,2
8900,SP,10,10,10,10,10,10,10,1,1,1
8901,SP,11,11,11,11,11,11,11,2,2,2
8902,SP,10,10,10,10,10,10,10,0,0,0
8903,SP,11,11,11,11,11,11,11,3,3,3
8904,SP,11,11,11,10,10,10,10,1,1,1
8905,SP,10,10,10,11,11,11,11,2,2,2
8906,SP,11,11,11,11,11,11,11,2,2,2
8907,SP,11,11,11,10,10,10,10,1,1,1
8908,SP,10,10,10,10,10,11,11,2,2,2
8909,SP,11,11,11,11,11,11,11,1,2,1
8910,SP,10,10,10,10,10,10,10,1,1,1
8911,SP,11,11,11,10,10,10,10,1,1,1
8912,SP,10,11,11,11,11,11,11,2,2,2
8913,SP,11,11,11,11,10,11,10,2,2,2
8914,SP,10,10,10,10,10,10,10,1,1,1
8915,SP,10,11,11,10,11,11,11,2,2,2
8916,SP,11,11,11,11,11,10,10,1,1,1
8917,SP,10,10,10,10,10,11,11,2,2,2
8918,SP,11,11,11,10,10,10,10,1,1,1
8919,SP,10,10,10,11,11,11,11,2,2,2
8920,SP,11,11,11,11,11,11,11,2,2,2
8921,SP,10,10,10,10,10,10,10,1,1,1
8922,SP,10,10,10,10,11,11,11,2,2,2
8923,SP,11,11,11,11,11,10,10,1,1,1
8924,SP,10,10,10,10,10,11,11,2,2,2
8925,SP,11,11,11,11,11,11,11,2,2,2
8926,SP,10,10,10,10,10,10,10,1,1,1
8927,SP,11,11,11,11,11,11,11,2,2,2
8928,SP,10,10,10,10,10,10,10,1,1,1
8929,SP,10,10,10,10,10,11,11,2,2,2
8930,SP,11,11,11,11,11,11,10,1,1,1
8931,SP,10,10,10,10,10,10,10,1,1,1
8932,SP,11,11,11,11,11,10,10,1,1,1
8933,SP,10,10,11,11,11,11,11,2,2,2
8934,SP,11,11,11,11,11,11,11,2,2,2
8935,SP,10,10,10,10,10,10,10,1,1,1
8936,SP,10,10,11,10,10,11,11,2,2,2
8937,SP,11,11,11,11,11,11,10,1,2,1
8938,SP,10,10,10,10,10,11,11,2,2,2
8939,SP,11,11,11,11,11,11,11,2,1,2
8940,SP,10,10,10,10,10,10,10,1,1,1
8941,SP,11,11,11,11,11,11,11,2,2,2
8942,SP,10,10,10,10,10,10,10,0,0,0
8943,SP,11,11,11,11,11,11,11,3,3,3
8944,SP,11,11,11,11,11,10,10,1,1,1
8945,SP,10,11,11,11,11,11,11,2,2,2
8946,SP,11,11,11,11,11,11,11,2,2,2
8947,SP,10,10,10,10,10,10,10,1,1,1
8948,SP,10,10,11,10,11,11,11,2,2,2
8949,SP,11,11,11,11,11,10,10,1,1,1
8950,SP,10,10,10,10,10,10,10,2,2,2
8951,SP,11,11,11,11,11,11,11,2,2,2
8952,SP,10,10,10,10,10,11,11,2,2,2
8953,SP,11,11,11,11,11,11,10,2,2,2
8954,SP,10,10,10,10,10,10,10,1,1,1
8955,SP,10,11,10,10,10,11,11,2,2,2
8956,SP,11,11,11,11,11,11,11,1,2,2
8957,SP,10,10,10,10,10,10,10,1,1,1
8958,SP,11,11,11,11,11,10,10,1,1,1
8959,SP,10,10,10,10,11,11,11,2,2,2
8960,SP,11,11,11,11,11,11,11,2,2,2
8961,SP,10,10,10,10,10,10,10,1,1,1
8962,SP,10,10,10,10,10,11,11,2,2,2
8963,SP,11,11,11,11,11,11,10,1,1,1
8964,SP,10,10,10,10,11,11,11,2,2,2
8965,SP,11,11,11,10,10,10,10,1,1,1
8966,SP,10,10,10,10,10,11,11,2,1,2
8967,SP,11,11,11,11,11,11,11,2,3,2
8968,SP,10,10,10,10,10,10,10,1,1,1
8969,SP,10,11,11,11,11,11,11,2,2,2
8970,SP,11,11,11,11,11,10,10,1,1,1
8971,SP,10,10,10,10,10,10,10,1,2,1
8972,SP,11,11,11,11,11,11,11,2,1,2
8973,SP,10,10,10,10,10,11,10,2,1,2
8974,SP,11,11,11,11,11,11,11,2,2,2
8975,SP,10,10,10,10,10,10,10,1,1,1
8976,SP,10,10,10,10,10,11,11,2,2,2
8977,SP,11,11,11,11,11,11,10,2,2,2
8978,SP,10,10,10,10,10,10,10,1,1,1
8979,SP,11,11,11,11,11,11,11,2,2,2
8980,SP,10,10,10,10,10,11,11,1,1,1
8981,SP,11,11,11,11,11,11,11,2,2,2
8982,SP,10,10,10,11,10,10,10,1,1,1
8983,SP,10,10,10,10,10,10,11,2,2,2
8984,SP,10,10,10,10,10,10,10,1,1,1
8985,SP,11,11,11,11,11,11,11,2,2,2
8986,SP,11,11,11,11,11,11,11,2,2,2
8987,SP,10,10,10,10,10,10,10,1,1,1
8988,SP,11,11,11,11,11,11,11,2,2,2
8989,SP,10,10,10,10,10,10,10,0,1,0
8990,SP,11,11,11,11,11,11,11,2,2,2
8991,SP,10,10,10,10,10,10,10,1,1,1
8992,SP,11,11,11,11,11,11,11,2,2,2
8993,SP,11,11,11,11,11,11,11,2,2,2
8994,SP,10,10,10,10,10,10,10,1,1,1
8995,SP,11,11,11,11,11,11,11,2,2,2
8996,SP,10,10,10,10,10,10,10,1,1,1
8997,SP,10,10,10,11,11,11,11,2,2,2
8998,SP,11,11,11,11,10,10,10,1,1,1
8999,SP,10,10,10,10,11,11,11,2,2,2
9000,SP,11,11,11,11,11,11,11,2,2,2
9001,SP,10,10,10,10,10,10,10,1,1,1
9002,SP,10,10,10,10,10,11,11,2,2,2
9003,SP,11,11,11,11,11,11,11,1,1,1
9004,SP,10,10,10,10,10,10,10,1,2,1
9005,SP,11,11,11,11,11,11,11,2,2,2
9006,SP,10,10,10,10,10,11,11,1,1,1
9007,SP,11,11,11,11,11,11,11,2,2,2
9008,SP,10,10,10,10,10,10,10,1,1,1
9009,SP,10,10,10,10,10,10,10,2,2,2
9010,SP,11,11,11,11,11,10,11,1,1,1
9011,SP,10,10,10,10,10,11,11,2,2,2
9012,SP,11,11,11,10,10,10,10,1,1,1
9013,SP,10,10,10,10,11,11,11,2,2,2
9014,SP,11,11,11,11,11,11,11,2,1,2
9015,SP,10,10,10,10,10,10,10,1,1,1
9016,SP,11,11,11,11,11,11,11,3,2,3
9017,SP,11,11,11,11,11,10,11,1,1,1
9018,SP,10,10,10,10,10,10,10,1,2,1
9019,SP,11,11,11,11,11,11,10,2,2,2
9020,SP,10,10,10,10,10,11,10,2,2,2
9021,SP,11,11,11,11,11,11,11,2,2,2
9022,SP,10,10,10,10,10,10,10,0,0,0
9023,SP,10,11,11,11,11,11,11,2,2,2
9024,SP,11,11,11,11,11,10,10,1,2,1
9025,SP,10,10,10,10,10,11,11,2,1,2
9026,SP,11,11,11,11,11,11,11,2,1,2
9027,SP,10,10,11,11,11,10,10,1,1,1
9028,SP,10,11,10,10,10,11,10,2,2,2
9029,SP,11,11,11,11,11,11,11,1,2,1
9030,SP,10,10,10,10,10,10,10,2,1,2
9031,SP,11,11,11,11,10,10,10,1,1,1
9032,SP,10,10,10,10,10,11,11,2,2,2
9033,SP,11,11,11,10,10,10,10,1,1,1
9034,SP,10,10,10,10,11,11,11,2,1,2
9035,SP,11,11,11,11,11,11,11,2,2,2
9036,SP,11,10,10,10,10,10,10,1,1,1
9037,SP,11,11,11,11,11,11,11,2,2,2
9038,SP,10,10,10,10,10,10,10,0,1,0
9039,SP,10,11,11,11,11,11,11,2,2,2
9040,SP,11,10,10,10,10,10,10,1,1,1
9041,SP,10,10,10,10,11,11,11,2,2,2
9042,SP,11,11,11,11,11,11,11,2,2,2
9043,SP,11,10,10,10,10,10,10,1,1,1
9044,SP,11,11,11,11,11,11,11,2,2,2
9045,SP,11,11,10,11,10,10,11,1,1,1
9046,SP,10,10,10,10,10,11,11,2,2,2
9047,SP,11,11,11,10,10,10,10,1,1,1
9048,SP,10,11,11,11,11,11,11,2,2,2
9049,SP,11,11,11,11,11,11,11,2,2,2
9050,SP,10,10,10,10,10,10,10,1,1,1
9051,SP,11,11,11,10,10,11,11,2,1,2
9052,SP,10,10,10,10,10,10,10,1,1,1
9053,SP,10,11,11,11,11,11,11,2,3,2
9054,SP,11,10,10,10,10,10,10,1,1,1
9055,SP,10,10,10,11,11,11,11,2,2,2
9056,SP,11,11,11,11,11,11,11,2,2,2
9057,SP,10,10,10,10,10,10,10,1,1,1
9058,SP,10,11,11,11,11,11,11,2,2,2
9059,SP,11,10,11,10,10,10,10,1,1,1
9060,SP,10,10,10,10,10,11,11,2,1,2
9061,SP,11,11,11,11,11,10,11,1,1,1
9062,SP,10,11,11,11,11,11,11,2,2,2
9063,SP,11,11,11,11,11,11,11,2,2,2
9064,SP,11,10,10,10,10,10,10,1,1,1
9065,SP,10,10,10,10,10,10,11,2,2,2
9066,SP,11,10,10,10,10,10,10,1,1,1
9067,SP,10,10,10,10,10,11,11,2,2,2
9068,SP,11,11,11,11,11,10,10,1,1,1
9069,SP,10,11,10,11,11,11,11,2,2,2
9070,SP,11,11,11,11,11,11,11,2,2,2
9071,SP,11,10,10,10,10,10,10,1,1,1
9072,SP,10,10,10,10,10,11,11,2,1,2
9073,SP,11,11,11,11,11,10,10,1,1,1
9074,SP,10,10,10,10,10,10,10,2,1,2
9075,SP,11,11,11,11,11,11,10,2,2,2
9076,SP,10,10,10,11,11,11,11,2,2,2
9077,SP,11,11,11,11,11,11,11,2,2,2
9078,SP,10,10,10,10,10,10,10,1,1,1
9079,SP,10,11,10,10,11,11,11,2,2,2
9080,SP,11,11,11,11,11,11,11,2,2,2
9081,SP,10,10,10,10,10,10,10,1,1,1
9082,SP,11,11,11,11,11,11,11,2,2,2
9083,SP,10,10,10,10,10,10,10,1,1,1
9084,SP,11,11,11,11,11,11,11,2,2,2
9085,SP,10,10,10,10,10,10,10,0,1,1
9086,SP,10,11,11,11,11,11,11,2,2,2
9087,SP,10,10,10,10,10,10,10,1,1,1
9088,SP,11,11,11,11,11,11,11,3,3,3
9089,SP,11,11,11,11,11,11,11,2,2,2
9090,SP,10,10,10,10,10,10,10,1,1,1
9091,SP,11,11,11,11,11,11,11,2,2,2
9092,SP,10,10,10,10,10,10,10,0,1,1
9093,SP,11,11,11,11,11,11,11,2,2,2
9094,SP,10,10,10,10,10,10,10,1,1,1
9095,SP,10,11,11,11,11,11,11,2,2,2
9096,SP,11,11,11,11,11,11,11,2,2,2
9097,SP,10,10,10,10,10,10,10,1,1,1
9098,SP,10,10,11,10,10,11,10,2,1,2
9099,SP,11,11,10,11,10,10,10,1,1,1
9100,SP,10,10,10,10,10,11,11,2,1,2
9101,SP,11,11,11,11,11,10,10,1,1,1
9102,SP,10,10,10,11,11,11,11,2,2,2
9103,SP,11,11,11,11,11,11,11,2,2,2
9104,SP,10,10,10,10,10,10,10,1,1,1
9105,SP,10,11,10,10,11,11,11,2,2,2
9106,SP,11,11,11,11,11,11,11,1,1,1
9107,SP,10,10,10,10,10,10,11,1,1,1
9108,SP,11,11,11,11,11,10,10,1,1,1
9109,SP,10,10,10,11,11,11,11,2,2,2
9110,SP,11,11,11,11,11,11,11,2,2,2
9111,SP,10,10,10,10,10,10,10,0,0,0
9112,SP,10,10,10,10,11,11,11,2,2,2
9113,SP,11,11,11,11,11,10,10,1,1,1
9114,SP,10,10,10,10,10,10,10,1,0,1
9115,SP,11,11,11,11,10,11,11,2,1,2
